Workbook

Sheet 101
A1: Linha 101 - Gralha Azul - Pq. Ind. - UTFPR - UNIDEP
A2: (Bairro Gralha Azul) Rua Jaury Heitor de Souza, Rua Ricieri Pastori, Rua Marcelino Parzianello, Rua das Flores, Marginal Av. Tupi, Av. Tupi, Av. Tupi, Av. Brasil, Rua Xingú, Rua Tamoio, P I 3, Rua Ararigboia, Rua Tocantins, P I 4, Rua Jaciretã, Av. Tupi, Trevo do Patinho, BR-158, CAPEG, (# Granja Real, Parque Industrial Theóphilo Petrikoski), BR-158, PR 493, UTFPR, Rua Eliza Cola Padoan, Rua Irineu Parzianello, Rua Lidio Oltramari, Rua Benjamim Borges dos Santos, UNIDEP, PR 493,Trevo Patinho, Av. Tupi, Rua Tapir, Rua Caramuru, P I 1, Rua Tamoio, Av. Tupi, Marginal Av. Tupi, Rua das Flores, Rua Princesa Isabel, Rua Jaury Heitor de Souza (Bairro Gralha Azul).
A3: SEGUNDA-FEIRA À SEXTA-FEIRA (SÁBADO ATÉ AS 13H20MIN)
A4: Bairro Gralha Azul | B4: P I 3 Ponto Antiga Rodoviária (Rua Tamoio) | C4: #GRANJA REAL | D4: UTFPR - UNIDEP | E4: P I 1 Ponto Casa do Artesão (Rua Caramuru)
A5: / | B5: / | C5: / | D5: / | E5: 0.22222222
A6: / | B6: / | C6: / | D6: / | E6: 0.25
A7: 0.23263889 | B7: 0.25 | C7: 0.25694444 | D7: 0.26388889 | E7: 0.27777778
A8: 0.26041667 | B8: 0.27777778 | C8: 0.28819444 | D8: 0.29166667 | E8: 0.30555556
A9: 0.28819444 | B9: 0.30555556 | C9: / | D9: 0.31944444 | E9: 0.33333333
A10: 0.31597222 | B10: 0.33333333 | C10: / | D10: 0.34722222 | E10: 0.36111111
A11: 0.34375 | B11: 0.36111111 | C11: / | D11: 0.375 | E11: 0.38888889
A12: 0.37152778 | B12: 0.38888889 | C12: / | D12: 0.40277778 | E12: 0.41666667
A13: 0.39930556 | B13: 0.41666667 | C13: / | D13: 0.43055556 | E13: 0.44444444
A14: 0.42708333 | B14: 0.44444444 | C14: / | D14: 0.45833333 | E14: 0.47222222
A15: 0.45486111 | B15: 0.47222222 | C15: 0.47916667 | D15: 0.48611111 | E15: 0.5
A16: 0.48263889 | B16: 0.5 | C16: / | D16: 0.51388889 | E16: 0.52777778
A17: 0.51041667 | B17: 0.52777778 | C17: / | D17: 0.54166667 | E17: 0.55555556
A18: 0.53819444 | B18: 0.55555556 | C18: / | D18: 0.56944444 | E18: 0.58333333
A19: 0.56597222 | B19: 0.58333333 | C19: / | D19: 0.59722222 | E19: 0.61111111
A20: 0.59375 | B20: 0.61111111 | C20: / | D20: 0.625 | E20: 0.63888889
A21: 0.62152778 | B21: 0.63888889 | C21: / | D21: 0.65277778 | E21: 0.66666667
A22: 0.64930556 | B22: 0.66666667 | C22: / | D22: 0.68055556 | E22: 0.69444444
A23: 0.67708333 | B23: 0.69444444 | C23: / | D23: 0.70833333 | E23: 0.72222222
A24: 0.70486111 | B24: 0.72222222 | C24: / | D24: 0.73611111 | E24: 0.75
A25: 0.73263889 | B25: 0.75 | C25: 0.75694444 | D25: 0.76388889 | E25: 0.77777778
A26: 0.76041667 | B26: 0.77777778 | C26: / | D26: 0.79166667 | E26: 0.80555556
A27: 0.78819444 | B27: 0.80555556 | C27: / | D27: 0.81944444 | E27: 0.83333333
A28: 0.81597222 | B28: 0.83333333 | C28: / | D28: 0.84722222 | E28: 0.86111111
A29: 0.84375 | B29: 0.86111111 | C29: / | D29: 0.875 | E29: 0.88888889
A30: 0.87152778 | B30: 0.88888889 | C30: / | D30: 0.90277778 | E30: 0.91666667
A31: 0.90277778 | B31: 0.91666667 | C31: / | D31: 0.93055556 | E31: 0.94444444
A32: 0.92708333 | B32: 0.94444444 | C32: / | D32: 0.96180556 | E32: 0.97222222
A33: 0.95486111 | B33: 0.97222222
A34: 0.98263889 | B34: 0 | C34: / | D34: / | E34: /
A36: Linha 101 - Gralha Azul - Pq. Ind. - UTFPR - UNIDEP
A37: (Bairro Gralha Azul) Rua Jaury Heitor de Souza, Rua Ricieri Pastori, Rua Marcelino Parzianello, Rua das Flores, Marginal Av. Tupi, Av. Tupi, Av. Brasil, Rua Xingú, Rua Tamoio, P I 3, Rua Ararigboia, Rua Tocantins, P I 4, Rua Jaciretã, Avenida Tupi, Trevo do Patinho, BR 158, Parque Industrial Theophilo Petrikoski, (# Granja Real, Parque Industrial Theóphilo Petrikoski) BR 158, PR 493, UTFPR, Rua Eliza Cola Padoan, Rua Irineu Parzianello, Rua Lidio Oltramari, Rua Benjamim Borges dos Santos, UNIDEP, PR 493,Trevo Patinho, Av. Tupi, Avenida da Inovação (Shopping Pato Branco) Avenida da Inovação, Avenida Tupi, Trevo do Patinho, Avenida Tupi, Rua Tapir, Rua Caramuru, P I 1, Rua Tamoio, Av. Tupi, Marginal Av. Tupi, Rua das Flores, Rua Princesa Isabel, Rua Jaury Heitor de Souza (Bairro Gralha Azul).
A38: SÁBADO
A39: Bairro Gralha Azul | B39: P I 3 Ponto Antiga Rodoviária (Rua Tamoio) | C39: # Granja Real - Bairro São Francisco | D39: UTFPR - UNIDEP | E39: Shopping Pato Branco | F39: P I 1 Ponto Casa do Artesão (Rua Caramuru)
D40: 0.625 | E40: 0.63194444 | F40: 0.63888889
C41: / | D41: 0.65277778 | E41: 0.65972222 | F41: 0.66666667
A42: 0.64930556 | B42: 0.66666667 | C42: / | D42: 0.68055556 | E42: 0.6875 | F42: 0.69444444
A43: 0.67708333 | B43: 0.69444444 | C43: / | D43: 0.70833333 | E43: 0.71527778 | F43: 0.72222222
A44: 0.70486111 | B44: 0.72222222 | C44: / | D44: 0.73611111 | E44: 0.74305556 | F44: 0.75
A45: 0.73263889 | B45: 0.75 | C45: 0.76041667 | D45: 0.76736111 | E45: 0.77083333 | F45: 0.77777778
A46: 0.76041667 | B46: 0.77777778 | C46: / | D46: 0.79166667 | E46: 0.79861111 | F46: 0.80555556
A47: 0.78819444 | B47: 0.80555556 | C47: / | D47: 0.81944444 | E47: 0.82638889 | F47: 0.83333333
A48: 0.81597222 | B48: 0.83333333 | C48: / | D48: 0.84722222 | E48: 0.85416667 | F48: 0.86111111
A49: 0.84375 | B49: 0.86111111 | C49: / | D49: 0.875 | E49: 0.88194444 | F49: 0.88888889
A50: 0.87152778 | B50: 0.88888889 | C50: / | D50: 0.90277778
A51: 0.90277778 | B51: 0.91666667 | C51: / | D51: 0.93055556 | E51: 0.9375 | F51: 0.94444444
A52: 0.95486111 | B52: 0.97222222
A54: CARRO 01 | B54: 2038
A55: CARRO 02 | B55: 2040
A57: Exceções
A59: Segunda-feira à Sexta-feira
A60: 1. No itinerário das 20h15min, 20h55min, 21h40min, 22h15min e 22h55min no sentido Bairro Gralha Azul - P I 3 - Ponto Antiga Rodoviária inclui-se ao intinerário a Rua Bento Gonçalves, Rua Marechal Deodoro, Rua Curitiba, Rua Ângelo Gabriel, Rua dos Gerânios, Rua Curitiba, Rua dos Jasmins, Rua Jaci R.Ferreira (Bairro Novo Horizonte), Rua Bento Gonçalves, Rua Marechal Deodoro, Rua Uruguaiana (Bairro Cristo Rei).
A61: 2. No itinerário das 21h40min, 22h20min e 23h05min no sentido UTFPR - FADEP - CENTRO GRALHA AZUL o intinerário sera executado da seguinte forma UTFPR, Rua Eliza Cola Padoan, Rua Irineu Parzianello, Rua Lidio Oltramari, Rua Benjamim Borges dos Santos, UNIDEP, PR 493,Trevo Patinho, Av. Tupi, Rua Tapir, Rua Caramuru, P I 1, Rua Tamoio, Av. Tupi, Rua Princesa Isabel, Rua Jaury Heitor de Souza (Bairro Gralha Azul).
A62: 3. No itinerario das 22h55min e 23h35min no sentido Bairro Gralha Azul - P I 3 - Ponto Antiga Rodoviária inclui-se ao intinerário a Rua Luís Xavier, Rua Manoel Bandeira, Rua Antônio Garcês, Rua R. da República, Rua Papa João XXIII, Avenida Tupi.
A64: SÁBADOS
A65: 1. A partir das viagens das 15h00min e 15h40min, no sentido UTFPR - FADEP - CENTRO GRALHA AZUL, inicia atendimento ao Shopping Pato Branco
A66: 2. Na viagem das 12h20min sentido UTFPR - UNIDEP - Bairro Gralha Azul, inclui no seu intinerario o trajeto da Linha 111 Fraron, (UTFPR, Rua Eliza Colla Padoan, Rua Irineu Parzianello, Rua Lidio Oltramari, Rua Clevelândia, Rua José Tatto, Rua José Fraron, Rua Veríssimo Rizzi, Rua Luiz Parzianello, PR 493).
A67: 3. Nas viagens das 18h00min sentido PI3 - UTFPR, inclui no seu intinerário o trajeto da Linha 119 Sâo Francisco, Rua Artibano Sutile, Rua Vitorino Tiocheta, Rua Dionisio Daniel Sauthier, Rua Celito Giacomel, Rua Pioneiro Victório Leonardi, Rua Melci Dal Molin, Rua Artibano Sutile.
A68: 4. No itinerário das 22h20min no sentido UTFPR - FADEP - CENTRO GRALHA AZUL o intinerário sera executado da seguinte forma UTFPR, Rua Eliza Cola Padoan, Rua Irineu Parzianello, Rua Lidio Oltramari, Rua Benjamim Borges dos Santos, UNIDEP, PR 493,Trevo Patinho, Av. Tupi, Avenida da Inovação (Shopping Pato Branco) Avenida da Inovação, Avenida Tupi, Trevo do Patinho, Avenida Tupi, Rua Tapir, Rua Caramuru, P I 1, Rua Tamoio, Av. Tupi, Rua Princesa Isabel, Rua Jaury Heitor de Souza (Bairro Gralha Azul)
A70: CARRO 01 | B70: 2038
A71: CARRO 02 | B71: 2040

Sheet 102
A1: Linha 102 - Av. Tupi - UTFPR - UNIDEP
A2: (Bairro Encruzilhada) Trevo Patrola, Marginal Av. Tupi, Av. Tupi, Av. Brasil, Rua Xingú, Rua Tamoio, P I 3, Rua Ararigboia, Rua Tocantins, P I 4, Rua Jaciretã, Av. Tupi, Trevo do Patinho, BR 158, Parque Industrial Theophilo Petrikosi, BR 158 PR-493, (# BR-158, Granja Real, BR 158), PR 493, UTFPR, Rua Eliza Cola Padoan, Rua Irineu Parzianello, Rua Lidio Oltramari, Rua Benjamim Borges dos Santos, UNIDEP, PR-493, Trevo Patinho, Av. Tupi, Rua Tapir, Rua Caramuru, P I 1, Rua Tamoio, Av. Tupi, Marginal Av. Tupi, Av. Tupi, Trevo da Patrola (Bairro Encruzinhada).
A3: SEGUNDA-FEIRA À SEXTA-FEIRA
A4: Trevo Patrola | B4: Bairro Planalto (Rua Siriemas) | C4: P I 3 Ponto Casa do Artesão (Rua Tamoio) | D4: # Granja Real | E4: Shopping Pato Branco | F4: UTFPR - UNIDEP | G4: P I 1 Ponto Casa do Artesão (Rua Caramuru)
A5: / | B5: / | C5: / | D5: / | E5: / | F5: 0.22222222 | G5: 0.23611111
A6: / | B6: / | C6: 0.23611111 | D6: / | E6: / | F6: 0.25 | G6: 0.26388889
A7: 0.25 | B7: / | C7: 0.26388889 | D7: / | E7: / | F7: 0.27777778 | G7: 0.29166667
A8: 0.26041667 | B8: / | C8: 0.27430556 | D8: / | E8: / | F8: 0.28819444 | G8: /
A9: 0.27777778 | B9: / | C9: 0.29166667 | D9: 0.30208333 | E9: / | F9: 0.30555556 | G9: 0.31944444
A10: 0.28819444 | B10: / | C10: 0.30208333 | D10: / | E10: / | F10: 0.31597222 | G10: /
A11: 0.30555556 | B11: / | C11: 0.31944444 | D11: / | E11: / | F11: 0.33333333 | G11: 0.34722222
A12: 0.33333333 | B12: / | C12: 0.34722222 | D12: / | E12: / | F12: 0.36111111 | G12: 0.375
A13: 0.36111111 | B13: / | C13: 0.375 | D13: / | E13: / | F13: 0.38888889 | G13: 0.40277778
A14: 0.38888889 | B14: / | C14: 0.40277778 | D14: / | E14: / | F14: 0.41666667 | G14: 0.43055556
A15: 0.41666667 | B15: / | C15: 0.43055556 | D15: / | E15: / | F15: 0.44444444 | G15: 0.45833333
A16: 0.44444444 | B16: / | C16: 0.45833333 | D16: / | E16: / | F16: 0.47222222 | G16: 0.48611111
A17: 0.47222222 | B17: / | C17: 0.48611111 | D17: / | E17: / | F17: 0.5 | G17: 0.51388889
A18: 0.5 | B18: / | C18: 0.51388889 | D18: / | E18: / | F18: 0.52777778 | G18: 0.54166667
A19: 0.52777778 | B19: / | C19: 0.54166667 | D19: / | E19: / | F19: 0.55555556 | G19: 0.56944444
A20: 0.55555556 | B20: / | C20: 0.56944444 | D20: / | E20: / | F20: 0.58333333 | G20: 0.59722222
A21: 0.58333333 | B21: / | C21: 0.59722222 | D21: / | E21: / | F21: 0.61111111 | G21: 0.625
A22: 0.61111111 | B22: / | C22: 0.625 | D22: / | E22: / | F22: 0.63888889 | G22: 0.65277778
... A25: 0.69444444 | B25: / | C25: 0.70833333 | D25: / | E25: / | F25: 0.72222222 | G25: 0.73611111
A26: / | B26: / | C26: / | D26: / | E26: / | F26: 0.71875 | G26: 0.73263889
A27: 0.74652778 | B27: / | C27: / | D27: / | E27: / | F27: / | G27: /
A28: 0.72222222 | B28: / | C28: 0.73611111 | D28: 0.74652778 | E28: / | F28: 0.75 | G28: 0.76388889
A29: / | B29: / | C29: / | D29: / | E29: / | F29: 0.73263889 | G29: 0.74652778
A30: 0.76041667 | B30: / | C30: 0.77430556 | D30: / | E30: / | F30: 0.79513889 | G30: /
A31: 0.75 | B31: / | C31: 0.76388889 | D31: / | E31: / | F31: 0.77777778 | G31: 0.79166667
A32: 0.77777778 | B32: / | C32: 0.79166667 | D32: / | E32: / | F32: 0.80555556 | G32: 0.81944444
A33: 0.80555556 | B33: / | C33: 0.81944444 | D33: / | E33: / | F33: 0.83333333 | G33: 0.84722222
A34: 0.83333333 | B34: / | C34: 0.84722222 | D34: / | E34: / | F34: / | G34: /
A35: 0.86111111 | B35: / | C35: 0.875 | D35: / | E35: / | F35: 0.88888889 | G35: 0.90277778
A36: 0.91666667 | B36: / | C36: 0.93055556 | D36: / | E36: 0.9375 | F36: 0.94791667 | G36: 0.96180556
A37: 0.97569444 | B37: 0.98263889 | C37: / | D37: / | E37: / | F37: / | G37: /
A39: Linha 102 - Av. Tupi - UTFPR - UNIDEP
A40: (Bairro Gralha Azul) Rua Jaury Heitor de Souza, Rua Ricieri Pastori, Rua Marcelino Parzianello, Rua das Flores, Marginal Av. Tupi, (Trevo Patrola), Marginal Av. Tupi, Av. Tupi, Av. Brasil, Rua Xingú, Rua Tamoio, P I 3, Rua Ararigboia, Rua Tocantins, P I 4, Rua Jaciretã, Av. Tupi, (Avenida da Inovação (Shopping Pato Branco) Avenida da Inovação), Trevo do Patinho, BR 158, Parque Industrial Teophilo Petrikoski, BR 158, PR-493, UTFPR, Rua Eliza Cola Padoan, Rua Irineu Parzianello, Rua Lidio Oltramari, Rua Benjamim Borges dos Santos, UNIDEP, PR-493, Trevo Patinho, Av. Tupi, (Avenida da Inocavação (Shopping Pato Branco), Avenida da Inovação, Avenida Tupi, Rua Tapir, Rua Caramuru, P I 1, Rua Tamoio, Av. Tupi, Rua Uruguaiana, Rua Marechal Deodoro, Rua General Osório, Rua Tiradentes, Rua Princesa Isabel, Rua Alexandre Gusmão, Av. Tupi, Trevo da Patrola.
A41: DOMINGOS
A42: Trevo Patrola | B42: Gralha Azul | C42: P I 3 Ponto Casa do Artesão (Rua Tamoio) | D42: Shopping Pato Branco | E42: UTFPR - UNIDEP | F42: Shopping Pato Branco | G42: P I 1 Ponto Casa do Artesão (Rua Caramuru)
F43: 0.28819444 | G43: 0.29513889
A44: / | B44: 0.30555556 | C44: 0.31944444 | D44: 0.32986111 | E44: 0.33680556 | F44: / | G44: 0.34722222
A45: / | B45: 0.36111111 | C45: 0.375 | D45: 0.38541667 | E45: / | F45: / | G45: 0.39583333
A46: 0.40625 | B46: / | C46: 0.42013889 | D46: 0.43055556 | E46: / | F46: / | G46: 0.44097222
A47: 0.45138889 | B47: / | C47: 0.46527778 | D47: 0.47569444 | E47: 0.48263889 | F47: 0.48958333 | G47: 0.5
A48: / | B48: 0.51388889 | C48: 0.52777778 | D48: 0.53819444 | E48: / | F48: / | G48: 0.54861111
A49: 0.55902778 | B49: / | C49: 0.57291667 | D49: 0.58333333 | E49: 0.59027778 | F49: 0.59722222 | G49: 0.60763889
A50: / | B50: 0.62152778 | C50: 0.63541667 | D50: 0.64583333 | E50: / | F50: / | G50: 0.65625
A51: 0.66666667 | B51: / | C51: 0.68055556 | D51: 0.69097222 | E51: / | F51: / | G51: 0.70486111
A52: 0.71527778 | B52: / | C52: 0.72916667 | D52: 0.73958333 | E52: 0.74652778 | F52: / | G52: 0.75694444
B53: 0.77083333 | C53: 0.78472222
A55: Exceções
A57: Segunda-feira à Sexta-feira
A58: 1. Após as 19h20min não entra no Bairro Encruzilhada
A59: 2.O Carro 03 e o Carro 04 são executados de Segunda - Feira à Sexta - Feira.
A60: 3. Na viagem das 23h05 sentido Trevo da Patrola, inclui o atendimento ao Bairro Planalto (Trevo da Patrola, PR 280, Trevo da Cattani, BR 158, Trevo da Guepardo, Marginal BR 158, Rua das Araras, Rua das Garças, Rua dos Cardeais, Rua das Siriemas).
A62: SÁBADOS
A63: 1. Itinerário executado até às 13h40min.
A65: DOMINGOS
A66: 1. Nas viagens das 07h05, 08h20, 12h00, 14h35 e 18h10 Centro sentido Bairro Gralha Azul o intinerário sera executado da seguinte forma: P I 1, Rua Tamoio, Av. Tupi, Rua Uruguaiana, Rua Marechal Deodoro, Rua General Osório, Rua Tiradentes, Rua Princesa Isabel, Rua Jaury S de Souza.
A68: CARRO 01
A69: CARRO 02
A70: CARRO 03
... A72: CARRO 05

Sheet 103
A1: Linha 103 - Gralha Azul - Centro (via Alvorada)
A2: (Bairro Gralha Azul) Rua Jaury Heitor de Souza, Rua Riciere Pastori, Rua Marcelino Parzianello, Rua Princesa Isabel (Bairro Alvorada, Bairro Santo Antônio), Rua Tiradentes, Rua General Ozorio, Rua Marechal Deodoro, Rua Uruguaiana, Av. Tupi, Av. Brasil, Rua Xingú, Rua Tamoio, P I 2, Rua Ararigboia, Rua Tocantins, P I 4, Rua Jaciretã, Av. Tupi, Rua Tapir, Rua Caramuru, P I 1, Rua Tamoio, Av. Tupi, Rua Uruguaiana, Rua Marechal Deodoro, Rua General Ozorio, Rua Tiradentes, Rua Princesa Isabel (Bairro Santo Antônio, Bairro Alvorada), Rua Jaury Heitor de Souza (Bairro Gralha Azul).
A3: SEGUNDA-FEIRA À SEXTA
A4: Bairro Gralha Azul | B4: P I 2 Ponto Casa do Artesão (Rua Tamoio) | C4: Ponto Rua Tapir | D4: P I 1 Ponto Casa do Artesão (Rua Caramuru)
A5: / | B5: / | C5: / | D5: 0.23263889
A6: / | B6: / | C6: / | D6: 0.25347222
A7: 0.24652778 | B7: 0.26041667 | C7: 0.26388889 | D7: 0.26736111
A8: 0.26736111 | B8: 0.28125 | C8: 0.28472222 | D8: 0.28819444
A9: 0.28125 | B9: 0.29513889 | C9: 0.29861111 | D9: 0.30208333
A10: 0.30208333 | B10: 0.31597222 | C10: 0.31944444 | D10: 0.32291667
A11: 0.31597222 | B11: 0.32986111 | C11: 0.33333333 | D11: 0.33680556
A12: 0.33680556 | B12: 0.35069444 | C12: 0.35416667 | D12: 0.35763889
A13: 0.35069444 | B13: 0.36458333 | C13: 0.36805556 | D13: /
A14: 0.37152778 | B14: 0.38541667 | C14: / | D14: /
A15: / | B15: / | C15: / | D15: /
A16: / | B16: / | C16: 0.45833333 | D16: 0.46180556
A17: / | B17: / | C17: 0.47222222 | D17: 0.47569444
A18: 0.47569444 | B18: 0.48958333 | C18: 0.49652778 | D18: 0.5
A19: 0.48958333 | B19: 0.50347222 | C19: 0.50694444 | D19: 0.51041667
A20: 0.51388889 | B20: 0.52430556 | C20: 0.52777778 | D20: 0.53125
A21: 0.52430556 | B21: 0.53819444 | C21: 0.54166667 | D21: 0.54513889
A22: 0.54513889 | B22: 0.55902778 | C22: 0.5625 | D22: /
A23: 0.55902778 | B23: 0.57291667 | C23: 0.57638889 | D23: /
A24: 0.57986111 | B24: 0.59375 | C24: / | D24: /
A25: / | B25: / | C25: / | D25: /
A26: / | B26: / | C26: 0.66666667 | D26: 0.67013889
A27: / | B27: / | C27: 0.68055556 | D27: 0.68402778
A28: 0.68402778 | B28: 0.69791667 | C28: 0.70138889 | D28: 0.70486111
A29: 0.69791667 | B29: 0.71180556 | C29: 0.71527778 | D29: 0.71875
A30: 0.71875 | B30: 0.73263889 | C30: 0.73611111 | D30: 0.73958333
A31: 0.73263889 | B31: 0.74652778 | C31: 0.75 | D31: 0.75347222
A32: 0.75347222 | B32: 0.76736111 | C32: 0.77083333 | D32: 0.77430556
A33: 0.76736111 | B33: 0.78125 | C33: 0.78472222 | D33: 0.78819444
A34: 0.78819444 | B34: 0.80208333 | C34: 0.80555556 | D34: 0.80902778
A35: 0.80902778 | B35: 0.81597222 | C35: 0.81944444 | D35: /
A36: 0.82986111 | B36: 0.84375 | C36: 0.84722222 | D36: 0.85069444
A37: 0.87152778 | B37: 0.88541667 | C37: / | D37: /
A39: SÁBADOS
A40: (Bairro Alvorada) Rua Princesa Isabel, Rua Tiradentes, Rua General Ozório, Rua Marechal Deodoro, Rua Curitiba, Rua dos Jasmins, Rua Bento Gonçalves, Rua Marechal Deodoro, Rua Uruguaiana, Av. Tupi, Av. Brasil, Rua Xingú, Rua Tamoio, P I 2, Rua Ararigbóia, Rua Tocantins, P I 4, Rua Jaciretã, Av. Tupi, Rua Tapir, Rua Caramuru, P I 1, Rua Tamoio, Av. Tupi, Rua Uruguaiana, Rua Marechal Deodoro, Rua General Ozório, Rua Tiradentes, Rua Princesa Isabel (Bairro Santo Antônio), Rua Osvaldo Cruz, Travessa Ipacaraí, Rua Castelo Branco (Bairro Alvorada).
A41: Bairro Alvorada | B41: P I 2 Ponto Casa do Artesão (Rua Tamoio) | C41: Ponto Rua Tapir | D41: P I 1 Ponto Casa do Artesão (Rua Caramuru)
A42: / | B42: / | C42: 0.66666667 | D42: 0.67013889
A43: 0.68402778 | B43: 0.69791667 | C43: 0.70138889 | D43: 0.70486111
A44: 0.71875 | B44: 0.73263889 | C44: 0.73611111 | D44: 0.73958333
A45: 0.75347222 | B45: 0.76736111 | C45: 0.77083333 | D45: 0.77430556
A46: 0.78819444 | B46: 0.80208333 | C46: 0.80555556 | D46: 0.80902778
A47: 0.82986111 | B47: 0.83680556 | C47: 0.84722222 | D47: 0.85069444
A48: 0.87152778 | B48: 0.88541667 | C48: / | D48: /
A50: Exceções
A52: Segunda-feira à Sexta-feira
A53: 1. Na viagem das 20h55min, no sentido Bairro Gralha Azul - Centro o intinerario e executado da seguinte forma, (Bairro Gralha Azul) Rua Jaury Heitor de Souza, Rua Ricieri Pastori, Rua Marcelino Parzianello, Rua das Flores, Marginal Av. Tupi, Av. Tupi, Av. Tupi, Av. Brasil, Rua Xingú, Rua Tamoio, P I 3.
A55: SÁBADOS
A56: 1. Executa o itinerário de segunda-feira a sábado até a viagem das 13h50min e 14h15min.
A57: 2. Retorna a partir das 16h00min com atendimento somente até o Bairro Alvorada, incluido no seu itinerário o atendimento ao Bairro Veneza e Novo Horizonte.
A59: CARRO 01
A60: CARRO 02

Sheet 105
A1: Linha 105 - La Salle / Vila Isabel
A2: Rua Tapir, Rua Caramuru, Rua Tamoio, P I 2, Rua Ararigboia, (Bairro La Salle - Ponto em frente à TV), Rua Frei Sérgio Hillescheim, Rua Lídio Guerra, Rua André Borsoi, Rua Pioneiro Alberto Braun, Rua Itapuã, Rua Itacolomi, Rua Tocantins, P I 4, Rua Tocantins, Rua Itabira, Rua José Vergílio Cantu, Rua Tapir, Rua José Cattani, Rua Manoel Ribas, Rua Sílva Jardim, Av. das Torres, Rua Abel Bortot, Rua Tocantins, Rua Oswaldo Aranha, Avenida Tupi, Rua Tapir
A3: SEGUNDA-FEIRA À SEXTA-FEIRA
A4: Ponto Rua Tapir | B4: P I 2 Ponto Casa do Artesão (Rua Tamoio | C4: Bairro La Salle | D4: P I 4 Ponto Pavilhão São Pedro | E4: Bairro Cadorin (Irmãs Teatinas)
B5: 0.25347222 | C5: 0.26041667 | D5: 0.26736111 | E5: 0.27430556
A6: 0.28125 | B6: 0.28472222 | C6: 0.29166667 | D6: 0.29861111 | E6: 0.30555556
A7: 0.3125 | B7: 0.31597222 | C7: 0.32291667 | D7: 0.32986111 | E7: 0.33680556
A8: 0.34375 | B8: 0.34722222
A9: 0.5 | B9: 0.50347222 | C9: 0.51041667 | D9: 0.51736111 | E9: 0.52430556
A10: 0.53125 | B10: 0.53472222 | C10: 0.54166667 | D10: 0.54861111 | E10: 0.55555556
A11: 0.5625 | B11: 0.56597222
A12: 0.66319444 | B12: 0.66666667 | C12: 0.67361111 | D12: 0.68055556 | E12: 0.6875
A13: 0.69444444 | B13: 0.69791667 | C13: 0.70486111 | D13: 0.71180556 | E13: 0.71875
A14: 0.72569444 | B14: 0.72916667 | C14: 0.73611111 | D14: 0.74305556 | E14: 0.75
A15: 0.75694444 | B15: 0.76041667 | C15: 0.76736111 | D15: 0.77430556 | E15: 0.78125
A16: 0.78819444
A18: Exceções
A20: SÁBADOS
A21: 1. É executado até a viagem das 12h45min.

Sheet 107
A1: Linha 107 - Veneza - UTFPR
A2: Rua Ângelo Gabriel, Rua dos Gerânios, Rua Curitiba, Rua dos Jasmins, Rua Jaci R Ferreira (Bairro Novo Horizonte), Rua Bento Gonçalves, Rua das Hortênsias, Rua Antonio Ascari (Bairro Cristo Rei), Av. Tupi, Av. Brasil, Rua Xingú, Rua Tamoio, P I 3 (Antiga Rodoviária), Rua Ararigboia, Rua Tocantins, P I 4, Rua Jaciretã, Av. Tupi, Trevo Patinho,BR 158 Parque Industrial Teophilo Petrikoski, BR 158, PR-493, UTFPR, Rua Eliza Cola Padoan, Rua Irineu Parzianello, Rua Lidio Oltramari, Rua Benjamim Borges dos Santos, UNIDEP, PR-493, Trevo Patinho, Av. Tupi, Rua Tapir, Rua Caramuru, P I 1, Rua Tamoio, Av. Tupi, Rua Uruguaiana, Rua Marechal Deodoro, Rua Curitiba, Rua Ângelo Gabriel.
A3: SEGUNDA-FEIRA À SEXTA-FEIRA
A4: Bairro Veneza | B4: P I 3 Ponto Antiga Rodoviária (Rua Tamoio) | C4: UTFPR - UNIDEP | D4: Trevo Patinho ( Três Cantos) | E4: P I 1 Ponto Casa do Artesão (Rua Caramuru)
A5: / | B5: / | C5: / | E5: 0.23611111
A6: / | B6: / | C6: / | E6: 0.25
A7: 0.24652778 | B7: 0.25694444 | C7: 0.26736111 | E7: 0.27777778
A8: 0.25694444 | B8: 0.26736111 | C8: 0.27777778 | E8: 0.28819444
A9: 0.28819444 | B9: 0.29861111 | C9: 0.3125 | E9: 0.32291667
A10: 0.30555556 | B10: 0.31597222 | C10: 0.32986111 | E10: 0.34027778
A11: 0.33333333 | B11: 0.34722222 | C11: 0.36111111 | E11: 0.37152778
A12: 0.35069444 | B12: 0.36458333 | C12: 0.37847222 | E12: /
A13: 0.38541667 | B13: 0.39930556 | C13: 0.40972222 | E13: 0.42361111
A14: / | B14: / | C14: / | E14: 0.44444444
A15: 0.4375 | B15: 0.45138889 | C15: 0.46527778 | E15: 0.47916667
A16: 0.45486111 | B16: 0.46875 | C16: 0.48263889 | E16: 0.5
A17: 0.48958333 | B17: 0.50347222 | C17: 0.51736111 | E17: 0.53125
A18: 0.51041667 | B18: 0.52083333 | C18: 0.53472222 | E18: 0.54861111
A19: 0.54166667 | B19: 0.55555556 | C19: 0.56944444 | E19: 0.58333333
A20: 0.55902778 | B20: 0.57291667 | C20: 0.58680556 | E20: 0.60069444
A21: 0.59375 | B21: 0.60763889 | C21: 0.62152778 | E21: 0.63541667
A22: 0.61111111 | B22: 0.625 | C22: 0.63888889 | E22: 0.65277778
A23: 0.64583333 | B23: 0.65972222 | C23: 0.67361111 | E23: 0.6875
A24: 0.66666667 | B24: 0.68055556 | C24: 0.69444444 | E24: 0.70833333
A25: 0.69791667 | B25: 0.71180556 | C25: 0.72569444 | E25: 0.73958333
A26: 0.72222222 | B26: 0.73611111 | C26: 0.75 | E26: 0.76388889
A27: / | B27: / | C27: / | D27: 0.74305556 | E27: 0.76041667
A28: 0.77083333 | B28: 0.78472222
A29: 0.75 | B29: 0.76388889 | C29: 0.77777778 | E29: 0.79166667
A30: 0.77430556 | B30: 0.78819444 | C30: 0.80208333 | E30: 0.81597222
A31: 0.80208333 | B31: 0.81597222 | C31: 0.82986111 | E31: /
A32: 0.82638889 | B32: 0.84027778 | C32: / | E32: /
C33: 0.96180556 | E33: 0.97569444
A34: 0.98611111 | B34: 0
A36: Exceções
A37: Segunda à sexta-feira
A38: 1. O Carro 03 às 17h50min é executado de segunda-feira à sexta-feira com o seguinte itinerário: Três Cantos, PR 493, Trevo do Patinho, Av. Tupi, Rua Tapir, Rua Caramuru, P I 1, Rua Tamoio, Av. Tupi, Rua Uruguaiana, Rua Marechal Deodoro, Rua Curitiba, Rua Ângelo Gabriel, Rua dos Gerânios, Rua Curitiba, Rua dos Jasmins, Rua Bento Gonçalves, Rua das Violetas, Rua Uruguaiana, Rua Fernando Ferrari, Rua Anchieta, Rua Fernando Ferrari, Rua Dr. Beltrão, Avenida Tupi, Avenida Brasil, Rua Xingu, Rua Tamoio PI3.
A39: Sábados
A40: 1. Para nas viagens das 14h00min e 14h05min.
A41: 2. A partir das 16h00min o atendimento é realizado pela Linha 103.
A43: CARRO 01
A44: CARRO 02
A45: CARRO 03

Sheet 108
A1: Linha 108 - Gralha Azul - Centro (via Bonato)
A2: (Bairro Gralha Azul), Rua Princesa Isabel, Rua Eduardo Dagios, Rua Jandir Peruzzo, Rua Jaury Heitor de Souza, Rua Ricieri Pastori, Rua Marcelino Parzianello, Rua Princesa Isabel, (Bairro Alvorada, Bairro Santo Antônio), Rua Gonçalves Dias, (Bairro Sudoeste), Rua Itá, Rua Tiradentes, Rua Ivá, Rua São José, Rua Curitiba, (Bairro Veneza, Bairro Novo Horizonte), Rua das Violetas, Rua Angelo Dal Bosco, Rua Fernando Ferrari, (Bairro Bonatto), Rua Anchieta, Rua Fernando Ferrari, Rua Industrial, Rua Santa Fé, Rua Dr. Francisco Beltrão, (Bairro Industrial), Rua Tocantins, Rua Itacolomi, Rua Tamoio, P I 2, Rua Ararigboia, Rua Tocantins, P I 4, Rua Iguaçu, Rua Aimoré, Rua Itacolomi, Rua Tocantins, Rua Dr. Francisco Beltrão, (Bairro Industrial), Rua Santa Fé, Rua Industrial, Rua Fernando Ferrari, Rua Anchieta, Rua Fernando Ferrari, (Bairro Bonatto), Rua Angelo Dal Bosco, Rua das Violetas (Bairro Veneza, Bairro Novo Horizonte), Rua Curitiba, Rua São José, Rua Ivá (Bairro Sudoeste Bairro Santo Antônio), Rua Tiradentes, Rua Itá, Rua Gonçalves Dias, Rua Princesa Isabel, (Bairro Alvorada), Rua Eduardo Dagios, (Bairro Gralha Azul).
A3: SEGUNDA-FEIRA À SEXTA
A4: Bairro Gralha Azul | C4: P I 2 Ponto Casa do Artesão (Rua Tamoio)
A5: 0.26388889 | C5: 0.28472222
A6: 0.30555556 | C6: 0.32638889
A7: 0.34722222 | C7: 0.36805556
A8: / | C8: 0.45138889
A9: 0.47222222 | C9: 0.5
A10: 0.54166667 | C10: 0.5625
A11: / | C11: 0.6875
A12: 0.70833333 | C12: 0.73263889
A13: 0.75 | C13: 0.77083333
A15: Exceções
A17: Segunda-feira à Sexta-feira
A18: 1. No itinerário das 07h50min, 12h00min e 16h30min no sentido PI2 (Casa do Artesão) - Bairro Gralha Azul inclui-se ao intinerário a Rua Sebastião Lara, Rua Altamira e Rua Antônio Pedro Ferronaro.
A19: 1. No itinerário das 08h20min, 13h00min e 17h00min no sentido Bairro Gralha Azul - PI2 (Casa do Artesão) inclui-se ao intinerário a Rua Antônio Pedro Ferronaro, Rua Altamira e Sebastião Lara.
A21: SÁBADOS
A22: 1. É executado até às 13h30min.

Sheet 109
A2: Linha 109 - Passo da Pedra
A3: P I 3, Rua Tamoio, Rua Ararigbóia, Rua Tocantins, P I 4, Rua Jaciretã, Av. Tupi, Trevo Patinho, PR-493, Bairro Passo da Pedra, PR-493, Trevo Patinho, Av. Tupi, Rua Tapir, Rua Caramuru, Rua Itacolomi, Rua Tamoio, P I 3.
A4: SEGUNDA-FEIRA À SEXTA-FEIRA
A5: P I 3 Ponto Antiga Rodoviária | B5: P I 4 Ponto Pavilhão São Pedro | C5: VIBRA | D5: Passo da Pedra | E5: VIBRA | F5: Trevo do Patinho (Três Cantos)
A6: / | B6: / | C6: / | D6: 0.27777778 | E6: / | F6: /
A7: 0.29166667 | B7: 0.29513889 | C7: 0.30902778 | D7: 0.31944444 | E7: / | F7: /
A8: 0.34027778 | B8: 0.34375 | C8: / | D8: 0.36111111 | E8: 0.36805556 | F8: /
A9: 0.38194444 | B9: / | C9: / | D9: / | E9: / | F9: /
A10: 0.47916667 | B10: 0.48263889 | C10: 0.49652778 | D10: 0.5 | E10: / | F10: /
A11: 0.52083333 | B11: 0.52430556 | C11: / | D11: 0.53819444 | E11: 0.54166667 | F11: /
A12: 0.5625 | B12: 0.56597222 | C12: / | D12: 0.58333333 | E12: 0.58680556 | F12: /
A13: 0.60416667 | B13: / | C13: / | D13: / | E13: / | F13: /
A14: 0.71875 | B14: 0.72222222 | C14: / | D14: 0.72916667 | E14: 0.73958333 | F14: 0.74305556

Sheet 110
A1: Linha 110 - São Cristovão - Rodoviária
A2: (Bairro São Cristóvão), Marginal Av. Tupi, Rua Alexandre Gusmão, Rua da Inconfidência, Rua Luiz Xavier, Rua Manoel Bandeira, Rua Vinte e Um de Abril, Rua Érico Verissimo, Rua Papa João XXIII, Rua Manoel Bandeira, Rua Antônio Garcês, Rua R. da República, Av. Tupi, Av. Brasil, Rua Xingu, Rua Tamoio, PI 2, Rua Iguaçu, Rua Guarani, Rua Farrapos, Av. Brasil (Ponto Rodoviária), Trevo Taísa, Rua Nereu Ramos, Rua Caramuru, P I 1, Av. Tupi, Marginal da Av. Tupi, (Bairro São Cristóvão).
A3: SEGUNDA-FEIRA À SEXTA-FEIRA
A4: Bairro São Cristovão | B4: P I 2 Ponto Casa do Artesão (Rua Tamoio) | C4: Ponto Rodoviária | D4: P I 1 Ponto Casa do Artesão (Rua Caramuru)
A5: / | B5: / | C5: 0.25 | D5: 0.25694444 | E5: 05 MIN A MAIS DO BAIRRO / CENTRO A PARTIR 2025
A6: 0.26736111 | B6: 0.28472222 | C6: 0.29166667 | D6: 0.29861111
A7: 0.30902778 | B7: 0.32638889 | C7: 0.33333333 | D7: 0.34027778
A8: 0.35069444 | B8: 0.36805556 | C8: 0.375 | D8: 0.38194444
A9: 0.39236111 | B9: 0.40972222 | C9: 0.41666667 | D9: 0.42361111
A10: 0.43402778 | B10: 0.45138889 | C10: 0.45833333 | D10: 0.46527778
A11: 0.47569444 | B11: 0.49305556 | C11: 0.5 | D11: 0.50694444
A12: 0.53819444 | B12: 0.55555556 | C12: 0.5625 | D12: /
A13: / | B13: / | C13: 0.6875 | D13: 0.69444444
A14: 0.70486111 | B14: 0.72222222 | C14: 0.75 | D14: 0.75694444
A15: 0.76736111 | B15: 0.78472222 | C15: 0.79166667 | D15: /
A17: Exceções
A19: Segunda-feira à Sexta-feira
A20: 1. No horário das 12h30min retorna para o início do Bairro São Cristóvão e aguarda para sair às 12h55min.
A21: 2. Na viagem das 16h55min sentido Bairro São Cristovão - Ponto da Rodoviaria, o intinerario executado será (Bairro São Cristóvão), Marginal Av. Tupi, Rua Alexandre Gusmão, Rua da Inconfidência, Rua Luiz Xavier, Rua Manoel Bandeira, Rua Vinte e Um de Abril, Rua Érico Verissimo, Rua Papa João XXIII, Av. Tupi, Av. Brasil, Rua Xingu, Rua Tamoio, PI 2, Rua Ararigboia, Rua Tocantins, P I 4, Rua Jaciretã, Av. Tupi, Trevo do Patinho, BR 158, Parque Industrial Theophilo Petrikoski, com chegada as 17h50min.
A22: 2. Na viagem das 17h20min sentido Ponto da Rodoviaria, o intinerario executado será, PI 2, Rua Iguaçu, Rua Guarani, Rua Farrapos, Av. Brasil , ponto rodoviária, Avenida Brasil, Trevo da Taísa, Marginal Av. Frei policarpo, Av. Frei Policarpo, Parque Industrial Theophilo Petrikoski (com chegada as 17h50min) , Av. Frei Policarpo, Trevo Patinho, Trevo Taísa, Marginal da Av. Frei Policarpo, Rua Paraná, Rua Farrapos, Avenida Brasil, ponto rodoviária
A24: SÁBADOS
A25: 1. Para na viagem das 13h30min.

Sheet 111
A1: Linha 111 - Fraron - UTFPR - Centro
A2: UTFPR, Av. Elisa Rosa Cola Padoan, Rua Irineu Parzianello, Rua Lídio Oltramari, Rua Angela Parzianello, Rua Vitélio Parzianello, Rua Benjamim Borges dos Santos, Rua Lídio Oltramari, Rua Clevelândia, Rua José Tato, Rua Martins Afonso de Souza, Rua Cristóvão Colombo, Rua José Dalmolin, Marginal da BR 158, Semafaro, Rua Paraná, Rua Farrapos, Rua Farrapos, Avenida Brasil (Ponto Rodoviária), Marginal BR 158, Rua Caramuru, Rua Tamoio, P I 3, Rua Ararigbóia, Rua Tocantins, Rua Jaciretã, Av. Tupi, PR 493, UTFPR.
A3: SEGUNDA-FEIRA À SEXTA-FEIRA
A4: UTFPR / Bairro Fraron | C4: P I 2 - Ponto Casa do Artesão
A5: 0.26736111 | C5: 0.29166667
A6: 0.30902778 | C6: 0.32638889
A7: 0.33680556 | C7: 0.35416667
A8: / | C8: 0.50347222
A9: 0.54166667 | C9: 0.55902778
A10: 0.56944444 | C10: 0.58680556
A11: / | C11: 0.6875
A12: 0.69791667 | C12: 0.71527778
A13: 0.72569444 | C13: 0.75694444
A14: 0.76736111 | C14: 0.78472222
A15: 0.79513889 | C15: 0.8125
A17: Exceções
A19: Segunda-feira à Sexta-feira
A20: 1. No horário das 12h20min retorna para UTFPR e aguarda para sair às 13h00min.
A21: 2. Nos horários das 06h25min, 13h00min e 17h25min no sentido UTFPR - PI3, é realizado o seguinte itinerário: UTFPR, Av. Elisa Rosa Cola Padoan, Rua Irineu Parzianello, Rua Lídio Oltramari, Rua Augusto Redivo, Rua Nelza Mazzuco Braun, Rua Hugo Luiz Scatezini, Rua Lidio Oltramari, Rua Angela Parzianello, Rua Vitélio Parzianello, Rua Benjamim Borges dos Santos, Rua Lídio Oltramari, Rua José Fraron, Rua Belmiro Michelin, Rua Elvira Gruber Weber, Rua José Mezzomo, Rua Orestes Armando Bertinato, Rua Belmiro Michelin, Rua José Faron, Lídio Oltramari, Rua Clevelândia, rota normal.
A23: SÁBADOS
A24: 1. É executado até às 08h30min.

Sheet 112
A1: Linha 112 - Planalto - Centro (via Rua Xingú)
A2: (Bairro Planalro), Rua Maracanã, Rua das Araras, Rua das Garças, Rua dos Cardeais, Rua Rua das Siriemas, Trevo Planalto, Marginal BR-158, Trevo Itacolomi, Rua Itacolomi, Rua Ubiratã, Rua Xingu, Rua Tamoio, P I 2, Rua Ararigbóia, Rua Tocantins, Rua Jaciretã, Av. Tupi, Rua Tapir, Rua Caramuru, P I 2, Rua Tamoio, Rua Itacolomi, Trevo Itacolomi, Marginal BR-158, Rua Maracanã.
A3: SEGUNDA-FEIRA À SEXTA-FEIRA
A4: Bairro Planalto (Rua Maracanã) | B4: P I 2 - Ponto Casa do Artesão (Rua Tamoio) | C4: Ponto Rua Tapir | D4: P I 2 - Ponto Casa do Artesão (Rua Tamoio)
A5: 0.25347222 | B5: 0.26736111 | C5: 0.27083333 | D5: 0.27430556
A6: 0.28125 | B6: 0.29513889 | C6: 0.29861111 | D6: 0.30208333
A7: 0.30902778 | B7: 0.32638889 | C7: 0.32986111 | D7: 0.33333333
A8: 0.34027778 | B8: 0.35416667 | C8: 0.35763889 | D8: 0.36111111
A9: 0.36805556 | B9: 0.38194444 | C9: 0.38541667 | D9: /
A10: / | B10: / | C10: 0.46875 | D10: 0.47222222
A11: 0.47916667 | B11: 0.49305556 | C11: 0.49652778 | D11: 0.50347222
A12: 0.51041667 | B12: 0.52083333 | C12: 0.52430556 | D12: 0.52777778
A13: 0.53819444 | B13: 0.55208333 | C13: 0.55555556 | D13: 0.55902778
A14: 0.56597222 | B14: 0.57986111 | C14: 0.58333333 | D14: /
A15: / | B15: / | C15: 0.66319444 | D15: 0.66666667
A16: 0.67361111 | B16: 0.6875 | C16: 0.69097222 | D16: 0.69444444
A17: 0.70138889 | B17: 0.71527778 | C17: 0.71875 | D17: 0.72222222
A18: 0.72916667 | B18: 0.74305556 | C18: 0.74652778 | D18: 0.75347222
A19: / | B19: / | C19: 0.75347222 | D19: 0.75694444 | E19: ATRASADO 10 MIN NO HORÁRIO 14-04-25
A20: 0.76388889 | B20: 0.77777778 | C20: 0.78125 | D20: /
A21: 0.76041667 | B21: 0.77430556 | C21: 0.77777778 | D21: 0.78125
A22: 0.78819444 | B22: 0.80208333 | C22: 0.80555556 | D22: 0.80902778
A23: 0.81597222 | B23: 0.82986111 | C23: 0.83333333 | D23: 0.83680556
A24: 0.84375 | B24: 0.85763889 | C24: 0.86111111 | D24: 0.86458333
A25: 0.87152778 | B25: 0.88541667 | C25: 0.88888889 | D25: 0.89236111
A26: 0.89930556 | B26: 0.91319444 | C26: 0.91666667 | D26: 0.92013889
A27: 0.92708333 | B27: 0.94097222 | C27: 0.94444444 | D27: 0.94791667
A28: 0.95486111 | B28: 0.97569444 | C28: 0.97916667 | D28: 0.98263889
A29: 0.98958333 | B29: 0.0069444444
A31: Exceções
A33: Segunda Feira a Sexta -Feira
A34: 1. Na viagem das 07h25min no sentido Bairro Planalto (Rua Maracanã) - P I 2, é realizado com o seguinte itinerário: Rua Maracanã, Rua das Araras, Rua das Garças, Rua dos Cardeais, Rua das Siriemas, Marginal da BR-158, Trevo da Guepardo, BR-158.
A35: 2. Na viagem das 17h30min no sentido Bairro Planalto (Rua Maracanã) - P I 2, é realizado com o seguinte itinerário: Rua Maracanã, Rua das Araras, Rua das Garças, Rua dos Cardeais, Rua das Siriemas, Marginal da BR-158, Rua Pioneiro Avelino Ardoino Chiochetta, Travessa Ademar Cantu, Rua Maria Daminellu Marini, Marginal da BR-158, Trevo da Guepardo, BR-158.
A36: 3. Na Viagem das 21h15min no sentindo PI2 - Rua Tapir, é realizado com o seguinte itinerário: P I 2, Rua Ararigbóia, Rua Tocantins, Rua Jaciretã, Av. Tupi, Rotatória do Anjo, Av. Tupi, Rua Tapir, Rua Caramuru, Rua Tamoio, PI2.
A37: 4. Nas Viagens das 22h40min e 23h30min no sentindo Rua Tapir - Bairro Planalto, é realizado com o seguinte itinerário: Rua Tapir, Rua Caramuru, PI 2, Rua Tamoio, Rua Itacolomi, Trevo Itacolomi, Marginal BR-158, Rua Édimo Belmiro Pastro.
A38: 5. Nas Viagens das 23h00min e 23h50min no sentindo Bairro Planalto - Rua Tapir , é realizado com o seguinte itinerário: Rua Édimo Belmiro Pastro (Bairro Bela Vista e Planalto), Rua das Andorinhas, (Bairro Paulo Afonso)Rua Aurea Zandona, Rua Augusto Saggin, Rua Abilio Parzianello, Rua Das Andorinhas, Rua das Garças, Rua dos Cardeais, (bairro Alto da Glória) Rua Mohamad Homar Awada, (Bairro São João, Bairro Vila São Pedro), Rua Clarice Recalcati, Rua Sadi Bertol, Rua Clarice Recalcati, Rua Mohamad Homar Awada, Rua dos Cardeais, Rua das Seriemas, Trevo Planalto, Marginal BR-158, Trevo Itacolomi, Rua Itacolomi, Rua Ubiratã, Rua Xingu, Rua Tamoio, P I 2, Rua Ararigbóia, Rua Tocantins, Rua Jaciretã, Av. Tupi, Rua Tapir
A40: SÁBADOS
A41: 1. É executada até a viagem das 13h25min. | E41: TERMINA A VIAGEM NO PI2
A42: 2. A partir das 16h00min é atendido pela Linha 113 - São João - Bela Vista - Paulo Afonso.

Sheet 113
A1: Linha 113 - SÃO JOÃO - BELA VISTA - PAULO AFONSO
A2: (Bairro São João), Rua Eugênio Pezarico, Rua Sadi Bertuol, Rua Clarice Recalcati, Rua Mohamad Homar Awada, Rua dos Cardeais (Bairro Planalto), Rua São Francisco de Assis, Rua Beija Flor, Rua Édimo Pastro, Rua das Andorinhas, Rua Aurea Zandoná, Rua Augusto Saggin, Rua Abílio Parzianello, Rua das Andorinhas, Rua Édimo Belmiro Pastro, Marginal BR 158, Br 158, Trevo Itacolomi, Rua Itacolomi, Rua Ubiratã, Rua Xingu, Rua Tamoio, P I 2, Rua Itabira, Rua Caramuru, (Ponto do Correio), Rua Tamoio, P I 2 (Casa do Artesão), Rua Itacolomi, Trevo Itacolomi, Marginal BR-158, Rua Arquimedes Gobato, Rua Pedro Luiz Tavares, Rua Édimo Belmiro Pastro, Rua das Andorinhas, Rua Aurea Zandoná, Rua Augusto Saggin, Rua Abílio Parzianello, Rua das Andorinhas, Rua Édimo Belmiro Pastro, Rua Beija Flor, Rua São Francisco de Assis, Rua dos Cardeais, Rua Mohamad Homar Awada, Rua Eugênio Pezarico.
A3: SEGUNDA-FEIRA À SEXTA
A4: Bairro São João (Rua Clarice Recalcati) | B4: Bairro Planalto (Rua das Siriemas) | C4: Bairro Bela Vista (Rua Édimo Belmiro Pastro) | D4: Ponto Correio (Rua Caramuru) | E4: P I 2 Ponto Casa do Artesão (Rua Tamoio)
A5: 0.23611111 | B5: 0.24305556 | C5: 0.24305556 | D5: 0.25555556 | E5: 0.25694444
A6: 0.27083333 | B6: / | C6: 0.28125 | D6: 0.29027778 | E6: 0.29166667
A7: 0.29166667 | B7: / | C7: 0.30208333 | D7: 0.31111111 | E7: 0.3125
A8: 0.3125 | B8: / | C8: 0.32291667 | D8: 0.33194444 | E8: 0.33333333
A9: 0.33333333 | B9: / | C9: 0.34375 | D9: 0.35277778 | E9: 0.35416667
A10: 0.35416667 | B10: / | C10: 0.36458333 | D10: 0.37361111 | E10: 0.375
A11: 0.39583333 | B11: / | C11: 0.40625 | D11: 0.41527778 | E11: 0.41666667
A12: 0.4375 | B12: / | C12: 0.44791667 | D12: 0.45694444 | E12: 0.45833333
A13: / | B13: / | C13: / | D13: / | E13: 0.47916667
A14: 0.47916667 | B14: / | C14: 0.48958333 | D14: 0.49861111 | E14: 0.50347222
A15: 0.5 | B15: / | C15: 0.51041667 | D15: 0.51944444 | E15: 0.52083333
A16: 0.53125 | B16: 0.53819444 | C16: / | D16: 0.55 | E16: 0.55208333
A17: 0.54166667 | B17: / | C17: 0.55208333 | D17: 0.56111111 | E17: 0.5625
A18: 0.57291667 | B18: / | C18: 0.58333333 | D18: 0.59166667 | E18: 0.59375
A19: 0.58333333 | B19: / | C19: 0.59375 | D19: 0.60277778 | E19: 0.60416667
A20: 0.625 | B20: / | C20: 0.63541667 | D20: 0.64444444 | E20: 0.64583333
A21: 0.66666667 | B21: / | C21: 0.67708333 | D21: 0.68611111 | E21: 0.6875
A22: 0.70833333 | B22: / | C22: 0.71875 | D22: 0.72777778 | E22: 0.72916667
A23: / | B23: / | C23: / | D23: / | E23: 0.75347222
A24: 0.75 | B24: / | C24: 0.76041667 | D24: 0.76944444 | E24: 0.77083333
A25: 0.77083333 | B25: / | C25: 0.78125 | D25: 0.79027778 | E25: 0.79166667
A26: 0.79166667 | B26: / | C26: 0.80208333 | D26: 0.81111111 | E26: 0.8125
A27: 0.8125 | B27: / | C27: 0.82291667 | D27: 0.83194444 | E27: 0.83333333
A28: 0.85416667 | B28: / | C28: / | D28: / | E28: /
A29: Linha 113 - PLANALTO - SÃO JOÃO - BELA VISTA - PAULO AFONSO
A30: (Bairro Bela Vista e Bairro Planalto), Rua Édimo Belmiro Pastro, Rua das Andorinhas, (Bairro Paulo Afonso), Rua Aurea Zandoná, Rua Augusto Saggin, Rua Abílio Parzianello, Rua das Andorinhas, Rua das Garças, Rua dos Cardeais, (Bairro Alto da Glória), Rua Mohamad Homar Awada, (Bairro São João, Bairro Vila São Pedro), Rua Eugênio Pezarico, Rua Sadi Bertol, Rua Clarice Recalcati, Rua Mohamad Homar Awada, Rua dos Cardeais, Rua das Seriemas, Trevo Planalto, BR-158, Trevo Itacolomi, Rua Itacolomi, Rua Itabira, Rua Caetano Munhos da Rocha, Rua Vereador Cacique Creta, Rua Vitor Silvio Biazus, Rua Paraná, Rua Farrapos, Rua Caramuru, P I 2, Rua Itacolomi, Trevo Itacolomi, BR-158, (Trevo Planalto), Marginal BR 158, Rua Édimo Belmiro Pastro, (Bairro Bela Vista).
A31: SÁBADOS
A32: Bairro São João | B32: Ponto Rodoviária | C32: P I 2 Ponto Casa do Artesão (Rua Tamoio) | D32: Bairro Bela Vista (Rua Édimo Belmiro Pastro)
A33: / | B33: 0.57638889 | C33: 0.58333333 | D33: 0.59027778
A34: 0.60416667 | B34: 0.61805556 | C34: 0.625 | D34: 0.63194444
A35: 0.64583333 | B35: 0.65972222 | C35: 0.66666667 | D35: 0.67361111
A36: 0.6875 | B36: 0.70138889 | C36: 0.70833333 | D36: 0.71527778
A37: 0.72916667 | B37: 0.74305556 | C37: 0.75 | D37: 0.75694444
A38: 0.77083333 | B38: 0.78472222 | C38: 0.79166667 | D38: 0.79861111
A39: 0.8125 | B39: 0.82638889 | C39: 0.83333333 | D39: 0.84027778
A40: 0.85416667 | B40: 0.86805556 | C40: 0.875 | D40: 0.88194444
A41: 0.89583333 | B41: 0.90972222 | C41: 0.91666667 | D41: /
A43: Linha 113 - SÃO JOÃO - BELA VISTA - PAULO AFONSO
A44: Rua Édimo Belmiro Pastro (Bairro Bela Vista e Planalto), Rua das Andorinhas, (Bairro Paulo Afonso)Rua Aurea Zandona, Rua Augusto Saggin, Rua Abilio Parzianello, Rua Das Andorinhas, Rua das Garças, Rua dos Cardeais, (bairro Alto da Glória) Rua Mohamad Homar Awada, (Bairro São João, Bairro Vila São Pedro), Rua Clarice Recalcati, Rua Sadi Bertol, Rua Clarice Recalcati, Rua Mohamad Homar Awada, Rua dos Cardeais, Rua das Seriemas, Trevo Planalto, BR-158, Marginal BR 158,Trevo Itacolomi, Rua Itacolomi, Rua Ubiratã, Rua Xingú, Rua Tamoio (PI2), Rua Itabira, Rua Caramuru, Rua Tamoio (P2), Rua Tamoio, Rua Itacolomi, Trevo Itacolomi, Marginal BR-158, Rua Édimo Belmiro Pastro.
A45: DOMINGOS
A46: UTFPR | B46: P I 2 Ponto Casa do Artesão (Rua Tamoio) | C46: Bairro Bela Vista (Édimo Pastro) | D46: Planalto (Rua das Garças) | E46: Bairro São joão
A47: 0.27777778 | B47: 0.28819444 | C47: 0.29513889 | D47: 0.29861111 | E47: 0.30555556
B48: 0.32291667
C49: 0.40277778 | D49: 0.40972222 | E49: 0.41666667
B50: 0.4375 | C50: 0.44444444 | D50: 0.45138889 | E50: 0.45833333
B51: 0.47916667 | C51: 0.48611111 | D51: 0.49305556 | E51: 0.5
B52: 0.52083333 | C52: 0.52777778 | D52: 0.53472222 | E52: 0.54166667
B53: 0.5625
B54: 0.69791667 | C54: 0.70486111 | D54: 0.71180556 | E54: 0.71875
B55: 0.73958333 | C55: 0.74652778 | D55: 0.75347222 | E55: 0.76041667
B56: 0.78125
A58: Exceções
A60: Segunda-feira à Sexta-feira
A61: 1. Nas viagens 05h40min e 12h45min no sentido Bairro São João - P I 2, inclui-se no intinerário a Rua Eugênio Pezarico, Rua Sadi Bertol, Rua Clarice Recalcati, Rua Mohamad Homar Awada, Rua dos Cardeais, Rua das Siriemas.
A63: SÁBADOS
A64: 1. Nas viagens 05h40min e 12h45min no sentido Bairro São João - P I 2, inclui-se no intinerário a Rua Eugênio Pezarico, Rua Sadi Bertol, Rua Clarice Recalcati, Rua Mohammad Omar Awada, Rua dos Cardeais, Rua das Seriemas.
A65: 2. Executa-se o intinerário de Segunda-Feira até Sábado até a viagem das 13h30min e 14h15min.
A66: 3. Retorna a partir das 15h50min incluindo intinerário da Linha 115 - Planalto - Centro (via Rodoviária).
A68: CARRO 01 | B68: 2030
A69: CARRO 02 | B69: 2028

Sheet 114
A1: Linha 114 - SÃO ROQUE - VILA VERDE - VILA ESPERANÇA
A2: (Bairro São Roque), Rua Wilibat, Rua Riberão Preto, Rua Taubaté, Rua Marilia, Rua Terezinha Duarte, Rua Ivaí, Rua Zacarias de Gois e Vasconcelos, Rua Xavier da Silva, Rua Lupicínio Rodrigues, Rua Amambaí, Rua Iguatemi, Rua Genuíno Piacentini, Rua Xingú, Rua Tamoio, P I 2, Rua Iguaçu, Rua Guarani, Rua Farrapos, Av. Brasil, Trevo BR 158, Rua José Leonardi, Rua Vinícius de Moraes, Rua Marco Penso, Rua Moacir José Martins, Marginal BR 158, SEMÁFORO, Rua Paraná, Rua Farrapos (Ponto Rodoviária), Rua Caramuru, P I 1, Rua Tamoio, Rua Xavantes, Rua Genuíno Piacentini, Rua Iguatemi, Rua Amambaí, Rua Lupicínio Rodrigues, Rua Wilibat.
A3: SEGUNDA-FEIRA À SEXTA - FEIRA
A4: São Roque ( Rua Wilibat) | B4: São Cristóvão (Rua Alexandre Gusmão) | C4: São Roque (Rua Wilibat) | D4: P I 2 Ponto Casa do Artesão (Rua Tamoio) | E4: Bairro Vila Esperança | F4: P I 1 - Ponto Casa do Artesão (Rua Caramuru)
A5: / | D5: / | E5: / | F5: 0.25694444
A6: / | D6: 0.26041667 | E6: 0.27083333 | F6: 0.28472222
A7: 0.26388889 | D7: 0.28125 | E7: / | F7: /
A8: 0.26736111 | D8: 0.28472222 | E8: 0.29513889 | F8: 0.3125
A9: 0.29513889 | D9: 0.3125 | E9: 0.32291667 | F9: 0.34027778
A10: 0.32291667 | D10: 0.34027778 | E10: 0.35069444 | F10: 0.36805556
A11: 0.35069444 | D11: 0.36805556 | E11: 0.37847222 | F11: 0.39583333
A12: 0.37847222 | D12: 0.39583333 | E12: / | F12: /
A13: / | D13: / | E13: / | F13: 0.45138889
A14: / | D14: 0.45138889 | E14: 0.46180556 | F14: 0.47916667
A15: 0.46180556 | D15: 0.47916667 | E15: 0.48958333 | F15: 0.50347222
A16: 0.48958333 | D16: 0.50347222 | E16: 0.51736111 | F16: 0.53472222
A17: 0.51736111 | D17: 0.53472222 | E17: 0.54513889 | F17: 0.5625
A18: 0.54861111 | D18: 0.5625 | E18: 0.57638889 | F18: 0.59027778
A19: 0.57638889 | B19: 0.57847222 | C19: 0.58333333 | D19: 0.59722222 | E19: 0.60763889 | F19: 0.61805556
A20: 0.60069444 | D20: 0.61805556 | E20: 0.62847222 | F20: 0.64583333
A21: 0.63194444 | B21: 0.63402778 | C21: 0.63888889 | D21: 0.65277778 | E21: 0.66319444 | F21: 0.67361111
A22: 0.65625 | D22: 0.67361111 | E22: 0.68402778 | F22: 0.70138889
A23: 0.6875 | B23: 0.68958333 | C23: 0.69444444 | D23: 0.70833333 | E23: 0.71875 | F23: 0.72916667
A24: 0.71180556 | D24: 0.72916667 | E24: 0.73958333 | F24: 0.75694444
A25: 0.73958333 | D25: 0.75694444 | E25: 0.76736111 | F25: 0.78472222
A26: 0.76736111 | D26: 0.78472222 | E26: 0.79513889 | F26: 0.8125
A27: 0.79513889 | D27: 0.8125 | E27: 0.82291667 | F27: /
A28: / | B28: 0.82291667 | C28: 0.83333333 | D28: 0.84375 | E28: 0.85416667 | F28: 0.86458333
A29: / | B29: 0.875 | C29: 0.88194444 | D29: 0.89583333 | E29: / | F29: /
A31: Exceções
A33: Segunda-feira à Sexta-feira
A34: 1. Nas viagens 07h05min, 07h45min, 12h25min, 13h05min, 18h25min e 19h05min no sentido Bairro Vila Esperança - P I 1, inclui-se no intinerário a Estrada Irineu Bertani, Rua Pedro Kriger, Rua Saul Viganó, Rua Jacob Gugelmin, Estrada Irineu Bertani, Rua Tobias José Nesi (Bairro Pagnoncelli), Rua Rafael Lopes dos Santos (até Rua Claudino Gresele),Rua Tobias José Nesi Estrada Irineu Bertani, Rua José Leonardi.
A35: 2. Nas viagens das 19h30min e 20h50min no sentido P I 1 - Bairro São Roque, o intineráio será executado da seguinda forma: P I 1, Rua Tamoio, Av. Tupi, Marginal da Av. Tupi, Rua Alexandre Gusmão, Rua da Inconfidência, Rua Luiz Xavier, Rua Manoel Bandeira, Rua Vinte e Um de Abril, Rua Érico Veríssimo, Rua Papa João XXIII, Rua Manoel Bandeira, Rua Antônio Garcês, Rua R. da República, Rua Papa João XXIII, Av. Tupi, Rua Ribeirão Preto, (Bairro São Roque).
A36: 3. Nas viagens das 13h30min, 14h50min e 16h10min no sentido PI1 - Bairro São Roque, o itinerário será executado na seguinte forma: P I 1, Rua Tamoio, Rua Xavantes, Rua Genuíno Piacentini, Rua Iguatemi, Rua Amambaí, Rua Lupicínio Rodrigues, Rua Wilibat, Rua Ribeirão Preto, SEMÁFORO, Av. Tupi, Marginal Av. Tupi, Rua Alexandre Gusmão, Rua da Inconfidência, Rua Luiz Xavier, Rua Manoel Bandeira, Rua Vinte e Um de Abril, Rua Érico Veríssimo, Rua Papa João XXIII, Rua Manoel Bandeira, Rua Antônio Garcês, Rua R. da República, Rua Papa João XXIII, Av. Tupi, Rua Ribeirão Preto, (Bairro São Roque).
A37: 4.O Carro 03 é executado de Segunda - Feira à Sexta - Feira.
A39: SÁBADOS
A40: 1. Nas viagens das 07h05min, 07h45min,12h25min e 13h05min no sentido Bairro Vila Esperança - P I 1, inclui-se no intinerário a Estrada Irineu Bertani, Rua Pedro Kriger, Rua Saul Viganó, Rua Jacob Gugelmin, Estrada Irineu Bertani, Rua TobiasJosé Nesi (Bairro Pagnoncelli), Rua Rafael Lopes dos Santos (até Rua Claudino Gresele), Rua Tobias José Nesi, Estrada Irineu Bertani, Rua José Leonardi.
A41: 2. Aos sábados executa-se o itinerário até a viagem das 14h10min e 14h20min.
A43: CARRO 01
A44: CARRO 02
A45: CARRO 03

Sheet 115
A1: Linha 115 - Planalto - Centro (via Rodoviária)
A2: (Bairro Planalto), Rua Maracanã, Rua das Araras, Rua das Garças, Rua dos Cardeais, Rua das Siriemas, Trevo Planalto, Marginal BR-158, Trevo Itacolomi, Rua Itacolomi, Rua Afonso Pena (Bairro Menino Deus, BHF e Jardim Primavera), Rua Caetano Munhos da Rocha, Rua Vereador Cacique Creta, Rua Victor Sílvio Biazus, Rua Paraná, Rua Farrapos, Av. Brasil, (Ponto Rodoviária), Marginal Br 158, Rua Nereu Ramos, Rua Caramuru, P I 2, Rua Tamoio, Rua Itacolomi, Trevo Itacolomi, Marginal BR 158, (Bairro Planalto).
A3: SEGUNDA-FEIRA À SEXTA-FEIRA
A4: Bairro Planalto (Rua Maracanã) | B4: Ponto Rodoviária | C4: P I 2 Ponto Casa do Artesão (Rua Tamoio)
A5: 0.27083333 | B5: 0.28472222 | C5: 0.29166667
A6: 0.29861111 | B6: 0.3125 | C6: 0.31944444
A7: 0.32638889 | B7: 0.34027778 | C7: 0.34722222
A8: 0.35416667 | B8: 0.36805556 | C8: 0.375
A9: 0.38194444 | B9: 0.39583333 | C9: 0.40277778
A10: 0.40972222 | B10: 0.42361111 | C10: 0.43055556
A11: 0.4375 | B11: 0.45138889 | C11: 0.45833333
A12: 0.46527778 | B12: 0.47916667 | C12: 0.48611111
A13: 0.49305556 | B13: 0.50694444 | C13: 0.51388889
A14: 0.52083333 | B14: 0.53472222 | C14: 0.54166667
A15: 0.54861111 | B15: 0.5625 | C15: 0.56944444
A16: 0.57638889 | B16: 0.59027778 | C16: 0.59722222
... A24: 0.79861111 | B24: 0.8125 | C24: 0.81944444
A26: Exceções
A28: Segunda-feira à Sexta-feira
A29: 1. Na Viagem das 07h10min no sentido Bairro Planalto (Rua Maracanã) - P I 2, é realizado o itinerário da seguinte forma: Rua Maracanã, Rua das Araras, Rua das Garças, Rua dos Cardeais, Rua das Siriemas, Marginal da BR-158, Trevo da Guepardo, BR-158.
A31: SÁBADOS
A32: 1. É executada até a viagem das 13h40min.
A33: 2. A partir das 15h50min é realizado pela Linha 113 São João - Bella Vista - Paulo Afonso.

Sheet 116
A1: Linha 116 - Nova Espero
A2: P I 3, Rua Tamoio, Rua Ararigbóia, Rua Tocantins, PI 4, Rua Jaciretã, Av. Tupi, Trevo Patinho, BR-158, (Nova Espero), Rua Câmara Junior, Rua Santo Agostinho (Ponto Aramart), Rua José Tirloni, Rua Armando Setti, Rua 14 de Dezembro, Rua David Tirloni, Rua Câmara Junior, BR-158, Trevo Patinho, Trevo Taísa, Rua Nereu Ramos, Rua Caramuru, Rua Itacolomi, Rua Tamoio, P I 3.
A3: SEGUNDA-FEIRA À SEXTA-FEIRA
A4: P I 2 Ponto Casa do Artesão (Rua Tamoio) | B4: P I 4 Ponto Pavilhão São Pedro | C4: Ponto Atlas | D4: Bairro Nova Espero | E4: Ponto Atlas
A5: 0.25694444 | B5: 0.25902778 | C5: 0.27430556 | D5: 0.27777778 | E5: /
A6: 0.30208333 | B6: 0.30416667 | C6: 0.31597222 | D6: 0.31944444 | E6: /
A7: 0.34027778 | B7: / | C7: / | D7: / | E7: /
A8: 0.47916667 | B8: 0.48125 | C8: 0.49652778 | D8: 0.5 | E8: /
A9: 0.52083333 | B9: 0.52291667 | C9: 0.53819444 | D9: 0.54166667 | E9: /
A10: 0.56597222 | B10: / | C10: / | D10: / | E10: /
A11: 0.70138889 | B11: 0.70347222 | C11: / | D11: 0.71875 | E11: 0.73263889
A12: 0.75347222 | B12: 0.75555556 | C12: / | D12: 0.77083333 | E12: 0.77430556
A13: 0.79166667 | B13: / | C13: / | D13: / | E13: /
A15: SÁBADOS
A16: P I 2 Ponto Casa do Artesão (Rua Tamoio) | B16: P I 4 Ponto Pavilhão São Pedro | C16: Ponto Atlas | D16: Bairro Nova Espero | E16: Ponto Atlas
A17: 0.25694444 | B17: 0.25902778 | C17: 0.27430556 | D17: 0.27777778 | E17: /
A18: 0.29861111 | B18: / | C18: / | D18: /
A19: 0.47916667 | B19: 0.48125 | C19: 0.49652778 | D19: 0.5
A20: 0.52083333 | B20: 0.52430556 | C20: / | D20: 0.54166667
A21: 0.5625
A23: Exceções
A25: Segunda-feira à Sexta-feira
A26: 1. Na viagem das 17h15min sentido Bairro Nova Espero - P I 3 ao chegar no Ponto Atlas aguarda-se para partir às 17h35min.

Sheet 117
A1: Linha 117 - Planalto - UTFPR - UNIDEP
A2: (Shopping Pato Branco) Avenida da Inovação, Avenida Tupi, Trevo do Patinho, PR-493, UTFPR, Rua Eliza Cola Padoan, Rua Irineu Parzianello, Rua Lidio Oltramari, Rua Benjamim Borges dos Santos, UNIDEP, PR-493, Trevo Patinho, Marginal BR-158, Trevo da Taísa, Rua José Leonardi, Rua Vinícius de Moraes, Rua Marco Penso, Rua Moacir José Martins, Marginal BR 158, SEMÁFORO, Rua Paraná, Rua Farrapos, Avenida Brasil (Ponto da Rodoviaria), Rua Maria Bueno, Rua Dez de Maio, Rua Victor Sílvio Biazus, Rua Vereador Cacique Creta, Rua Caetano Munhos da Rocha, Rua Itabira, Rua Afonso Pena, Rua Itacolomi, Trevo Itacolomi, Marginal BR 158, Rua Édimo Belmiro Pastro, (Bairro Bela Vista), Rua das Andorinhas, Ruas das Garças, Rua dos Cardeais, Rua das Siriemas, (Bairro Planalto).
A3: SEGUNDA-FEIRA À SEXTA-FEIRA
A4: Ponto Rodoviária | B4: Bairro Planalto | C4: Shopping Pato Branco | D4: UTFPR - UNIDEP
A5: / | B5: / | C5: 0.94791667 | D5: 0.96180556
A6: 0.97222222 | B6: 0.98611111 | C6: / | D6: /

Sheet 119
A1: Linha 119 - SHOPPING PATO BRANCO / SÃO FRANCISCO
A2: (Bairro São Francisco), Rua Artibano Sutile, Rua Vitorino Tiocheta, Rua Dionisio D. Sauthier, Rua Celito Giacomel, Rua Pioneiro Victório Leonardi, Rua Melci Dalmolin, Rua Artibano Sutille, Trevo CAPEG, Marginal BR-158, Parque Teophilo Petrikoski, BR 158, Trevo do Patinho, Avenida Tupi, Rua Tapir, Rua Caramuru, Rua Tamoio, P I 2, Rua Tamoio, Rua Ararigbóia, Rua Tocantins, Rua Jaciretâ, Avenida Tupi, Avenida da Inovação (Shopping Pato Branco), Rua Hilda Maria Colla, Rua Abel Bortot, Estrada Municipal, Rua Abrosio Bez, Rua Carmela Bortot, Rua Tocantins, Rua Artibano Sutile.
A3: SEGUNDA-FEIRA À SEXTA -FEIRA
A4: P I 2 - Ponto Casa do Artesão (Rua Tamoio) | B4: Avenida da Inovação (Shopping Pato Branco) | C4: Bairro São Luiz (Rua Amborsio Bez) | D4: Bairro São Francisco (Primeiro Ponto da Rua Artibano Sutile sentido Bairro São Francisco) | E4: Avenida da Inovação (Shopping Pato Branco) | F4: UTFPR / UNIDEP
A5: 0.25 | B5: 0.25694444 | C5: 0.26041667 | D5: 0.26388889 | E5: / | F5: /
A6: 0.28125 | B6: 0.29166667 | C6: 0.29513889 | D6: 0.29861111 | E6: / | F6: /
A7: 0.31597222 | B7: 0.32638889 | C7: 0.32986111 | D7: 0.33333333 | E7: / | F7: /
A8: 0.35069444 | B8: 0.36111111 | C8: 0.36458333 | D8: 0.36805556 | E8: / | F8: /
A9: 0.38888889 | B9: 0.39930556 | C9: / | D9: 0.40625 | E9: 0.41319444 | F9: /
A10: 0.42708333 | B10: 0.4375 | C10: 0.44097222 | D10: / | E10: / | F10: /
A11: 0.44791667 | B11: 0.45833333 | C11: 0.46180556 | D11: / | E11: / | F11: /
A12: 0.46875 | B12: 0.47916667 | C12: 0.48263889 | D12: 0.48611111 | E12: / | F12: /
A13: 0.5 | B13: 0.51041667 | C13: 0.51388889 | D13: 0.51736111 | E13: / | F13: /
A14: 0.53125 | B14: 0.54166667 | C14: 0.54513889 | D14: 0.54861111 | E14: / | F14: /
A15: 0.56597222 | B15: 0.57638889 | C15: 0.57986111 | D15: 0.58333333 | E15: / | F15: /
A16: 0.59722222 | B16: 0.60763889 | C16: 0.61111111 | D16: 0.61458333 | E16: / | F16: /
A17: 0.62847222 | B17: 0.63888889 | C17: 0.64236111 | D17: 0.64583333 | E17: / | F17: /
A18: 0.65972222 | B18: 0.67013889 | C18: 0.67361111 | D18: 0.67708333 | E18: / | F18: /
A19: 0.69097222 | B19: 0.70138889 | C19: / | D19: 0.70833333 | E19: 0.71527778 | F19: /
A20: 0.72222222 | B20: 0.73263889 | C20: 0.73611111 | D20: 0.73958333 | E20: / | F20: /
A21: 0.75694444 | B21: 0.76736111 | C21: 0.77083333 | D21: 0.77430556 | E21: / | F21: /
A22: 0.77083333 | B22: 0.78125 | C22: / | D22: 0.78472222 | E22: / | F22: /
A23: 0.79166667
A24: 0.79861111 | B24: 0.8125 | C24: / | D24: / | E24: / | F24: 0.81944444
A25: 0.83333333 | B25: 0.84722222 | C25: / | D25: / | E25: / | F25: 0.85416667
A26: 0.86805556 | B26: 0.88194444 | C26: / | D26: / | E26: / | F26: 0.88888889
A27: 0.90277778 | B27: 0.92361111 | C27: / | D27: 0.92708333 | E27: / | F27: /
A28: 0.94097222 | B28: 0.96180556
A29: 0.97569444
A31: Shopping Pato Branco - UTFPR - Centro
A32: SÁBADOS
A33: (Shopping Pato Branco) Avenida da Inovação, Avenida Tupi, Trevo do Patinho, Avenida Tupi, Rua Tapir, Rua Caramuru, Rua Tamoio, P I 1, Rua Tamoio, Av. Tupi, Marginal Av. Tupi, Rua das Flores, Rua Princesa Isabel, Rua Jaury Heitor de Souza (Bairro Gralha Azul), Rua Ricieri Pastori, Rua Marcelino Parzianello, Rua das Flores, Marginal Av. Tupi, Av. Tupi, Rua Bento Gonçalves, Rua General Osório, Rua Curitiba, Rua das Acácias, Rua Bento Gonçalves, Rua das Hortências, Rua Antônio Ascari, Rua Tocantins, Avenida da Inovação.
A34: Avenida da Inovação (Shopping Pato Branco) | B34: P I 1 Ponto Casa do Artesão (Rua Caramuru) | C34: Bairro Gralha Azul | D34: Bairro Veneza | E34: P I 4 Ponto Pavilhão São Pedro
A35: 0.92013889 | B35: 0.93055556 | C35: 0.94097222 | D35: 0.94791667 | E35: 0.95486111
A36: 0.96180556 | B36: 0.97222222 | C36: 0.98263889 | D36: 0.98958333 | E36: 0.99652778
A38: Shopping Pato Branco) Avenida da Inovação, Rua Tocantins, Rua Artibano Sutile, Rua Gelmino Martignone, Rua Melci Dal Molim, Rua Artibano Sutile, Trevo CAPEG, Marginal BR-158, Parque Teophilo Petrikoski, BR 158, Trevo do Patinho,Marginal da BR-158, Trevo da Taisa, Rua Moacir de Jesus Martins, Rua Março Penso, Rua Vinivius de Moraes, Rua José Leonardi, Rua Irineu Bertani, Rua Mohammed Omar Awada, Rua dos Cardeais, Rua das Seriemas, Trevo Planalto, BR-158, Marginal BR 158,Trevo Itacolomi, Rua Itacolomi, Rua Ubiratã, Rua Xingú, Rua Tamoio (PI2), Rua Tamoio, Rua Araribóia, Rua Tocantins, Avenida da Inovação.
A39: Avenida da Inovação (Shopping Pato Branco) | B39: Bairro São Francisco (Primeiro Ponto da Rua Artibano Sutile sentido Bairro São Francisco) | C39: Bairro Vila Esperança | D39: Bairro Planalto | E39: P I 2 - Ponto Casa do Artesão (Rua Tamoio)
A40: 0.92013889 | B40: 0.92708333 | C40: 0.9375 | D40: 0.94791667 | E40: 0.95486111
A41: 0.96180556 | B41: 0.96875 | C41: 0.97916667 | D41: 0.98958333 | E41: 0.99652778
A43: Shopping Pato Branco - UTFPR - Centro
A44: DOMINGOS
A45: Rua Édimo Belmiro Pastro (Bairro Bela Vista e Planalto), Rua das Andorinhas, (Bairro Paulo Afonso)Rua Aurea Zandona, Rua Augusto Saggin, Rua Abilio Parzianello, Rua Das Andorinhas, Rua das Garças, Rua dos Cardeais, (bairro Alto da Glória) Rua Mohamad Homar Awada, (Bairro São João, Bairro Vila São Pedro), Rua Clarice Recalcati, Rua Sadi Bertol, Rua Clarice Recalcati, Rua Mohamad Homar Awada, Rua dos Cardeais, Rua das Seriemas, Marginal da BR-158, BR-158 (Trevo da Guepardo), BR-158, (Trevo da Cattani) PR 280, (Trevo Patrola), Marginal Av. Tupi, Av. Tupi, Av. Brasil, Rua Xingú, Rua Tamoio, P I 3, Rua Ararigboia, Rua Tocantins, P I 4, Rua Jaciretã, Av. Tupi, Avenida da Inovação (Shopping Pato Branco),
A46: Bairro Bela Vista (Édimo Pastro) | B46: Bairro São joão | C46: Trevo Patrola | D46: P I 3 Ponto Antiga Rodoviária (Rua Tamoio) | E46: Avenida da Inovação (Shopping Pato Branco)
A47: 0.22916667 | B47: 0.23611111 | C47: 0.25 | D47: 0.26041667 | E47: 0.26736111
A48: 0.24652778 | B48: 0.25347222 | C48: 0.26736111 | D48: 0.27777778 | E48: 0.28472222
A50: (Shopping Pato Branco) Avenida da Inovação, Avenida Tupi, Trevo do Patinho, Avenida Tupi, Rua Tapir, Rua Caramuru, Rua Tamoio, P I 1, Rua Tamoio, Av. Tupi, Marginal Av. Tupi, Rua das Flores, Rua Princesa Isabel, Rua Jaury Heitor de Souza (Bairro Gralha Azul), Rua Ricieri Pastori, Rua Marcelino Parzianello, Rua das Flores, Marginal Av. Tupi, Av. Tupi, Rua Bento Gonçalves, Rua General Osório, Rua Curitiba, Rua das Acácias, Rua Bento Gonçalves, Rua das Hortências, Rua Antônio Ascari, Rua Tocantins, Avenida da Inovação.
A51: Avenida da Inovação (Shopping Pato Branco) | B51: P I 1 Ponto Casa do Artesão (Rua Caramuru) | C51: Bairro Gralha Azul | D51: Bairro Veneza | E51: P I 4 Ponto Pavilhão São Pedro
A52: 0.87847222 | B52: 0.88888889 | C52: 0.89930556 | D52: 0.90625 | E52: 0.91319444
A53: 0.92013889 | B53: 0.93055556 | C53: 0.94097222 | D53: 0.94791667 | E53: 0.95486111
A54: 0.96180556 | B54: 0.97222222 | C54: 0.98263889 | D54: 0.98958333 | E54: 0.99652778
A56: Shopping Pato Branco) Avenida da Inovação, Rua Tocantins, Rua Artibano Sutile, Rua Gelmino Martignone, Rua Melci Dal Molim, Rua Artibano Sutile, Trevo CAPEG, Marginal BR-158, Parque Teophilo Petrikoski, BR 158, Trevo do Patinho, Marginal da BR-158, Trevo da Taisa, Rua Moacir de Jesus Martins, Rua Março Penso, Rua Vinicius de Moraes, Rua José Leonardi, Rua Irineu Bertani, Rua Mohammed Omar Awada, Rua dos Cardeais, Rua das Seriemas, Trevo Planalto, BR-158, Marginal BR 158,Trevo Itacolomi, Rua Itacolomi, Rua Ubiratã, Rua Xingú, Rua Tamoio (PI2), Rua Tamoio, Rua Araribóia, Rua Tocantins, Avenida da Inovação.
A57: Avenida da Inovação (Shopping Pato Branco) | B57: Bairro São Francisco (Primeiro Ponto da Rua Artibano Sutile sentido Bairro São Francisco) | C57: Bairro Vila Esperança | D57: Bairro Planalto | E57: P I 2 - Ponto Casa do Artesão (Rua Tamoio)
A58: 0.87847222 | B58: 0.88541667 | C58: 0.89583333 | D58: 0.90625 | E58: 0.91319444
A59: 0.92013889 | B59: 0.92708333 | C59: 0.9375 | D59: 0.94791667 | E59: 0.95486111
A60: 0.96180556 | B60: 0.96875 | C60: 0.97916667 | D60: 0.98958333 | E60: 0.99652778
A62: Exceções
A64: SEGUNDA-FEIRA À SÁBADO
A65: 1. Na viagem das 09h20min e 16h35min sentido Centro - Bairro São Francisco, o intinerario executado será Rua Tamoio, P I 2, Rua Tamoio, Rua Ararigbóia, Rua Tocantins, Rua Jaciretâ, Avenida Tupi, Avenida da Inovação (Shopping Pato Branco), Avenida da Inovação, Rua Tocantins, Rua Artibano Sutile.
A66: 2. Na viagem das 10h15min e 10h45min sentido Centro - Bairro São Francisco, o intinerario executado será somente até o Shopping Pato Branco, sendo Rua Tamoio, P I 2, Rua Tamoio, Rua Ararigbóia, Rua Tocantins, Rua Jaciretâ, Avenida Tupi, Avenida da Inovação (Shopping Pato Branco).
A67: 3. Na viagem das 10h30min e 11h00min sentido Shopping Pato Branco - Centro, o intinerario executado será Avenida da Inovação, Avenida Tupi, Rua Tapir, Rua Tapir, Rua Caramuru, Rua Tamoio PI2 (casa do Artesão).
A68: 4. Na viagem das 09h45min e 17h00min sentido Bairro São Francisco - Centro, o intinerario executado será (Bairro São Francisco), Rua Artibano Sutile, Rua Vitorino Tiocheta, Rua Dionisio D. Sauthier, Rua Celito Giacomel, Rua Pioneiro Victório Leonardi, Rua Melci Dalmolin, Rua Artibano Sutille, Rua Tocantins, Avenida da Inocavação (Shopping Pato Branco), Rua Hilda Maria Colla, Rua Abel Bortot, Estrada Municipal, Rua Abrosio Bez, Rua Carmela Bortot, Rua Tocantins, Rua Osvaldo Aranha, Avenida Tupi, Rua Tapir, Rua Caramuru, Rua Tamoio PI2 (casa do Artesão).
A69: 5. Na viagem das 11h40min e 17h45min sentido Bairro São Francisco - Centro, o intinerario executado será (Bairro São Francisco), Rua Artibano Sutile, Rua Vitorino Tiocheta, Rua Dionisio D. Sauthier, Rua Celito Giacomel, Rua Pioneiro Victório Leonardi, Rua Melci Dalmolin, Rua Artibano Sutille, Rua Tocantins, Rua Osvaldo Aranha, Avenida Tupi, Rua Tapir, Rua Caramuru, Rua Tamoio PI2 (casa do Artesão).
A70: 6. Na viagem das 18h45min e 22h10min sentido Shopping Pato Branco - P I 2, o intinerario executado será, (Shopping Pato Branco) Avenida da Inovação, Rua Tocantins, Rua Artibano Sutile, Rua Gelmino Martignone, Rua Melci Dal Molim, Rua Artibano Sutile, Trevo CAPEG, Marginal BR-158, Parque Teophilo Petrikoski, BR 158, Trevo do Patinho, Avenida Tupi, Rua Tapir, Rua Caramuru, Rua Tamoio, P I 2.
A71: 7. Na viagem das 21h40min sentido P I 2 - Shopping Pato Branco, ao chegar no Shopping Pato Branco, aguardar para sair as 22h10min, no sentido Shopping Pato Branco - P I 2
A72: 8. Na viagem das 23h05min sentido Shopping Pato Branco - P I 2, o Intinerario executado será (Shopping Pato Branco), Avenida da Inovação, Avenida Tupi, Rua Tapir, Rua Caramuru, Rua Tamoio, P I 2.
A74: SÁBADOS
A75: 1. É executado até a viagem das 14h20min, retornando as 22h05min com saida do ponto do Shopping Pato Branco
A76: DOMINGOS
A77: 1. Na viagem das 05h55min sentido Centro, inclui o atendimento ao Bairro Gralha Azul (Trevo da Patrola, Marginal da Avenida Tupi, Rua das Flores, Rua Princesa Isabel, Rua Jaury de Souza, Rua Ricieri Pastore, Rua Marcelino Parzianelo, Rua das Flores, Avenida Tupi, rota normal). | F77: INCLUÍDO
A79: CARRO 01
A80: CARRO 02

Sheet 201
A1: Linha 201 - Gralha Azul - Vibra
A2: P I 3, Rua Tamoio, Trevo Taísa, Trevo Patinho, PR-493, Vibra, PR-493, Trevo Patinho, BR-158, Rua Artibano Sutile, Rua Vitório Tiocheta, Rua Dionísio Daniel Sautier, Rua Celito Giacomel, Rua Pioneiro Victório Leonardi, Rua Melci Dalmolin, Rua Artibano Sutile, Rua Tocantins, Rua Itacolomi, Rua Caramuru, P I 1, Rua Tamoio, Av. Tupi, Rua Dr. Beltrão, Rua Santa Fé, Rua Industrial, Rua Fernando Ferrari, Rua Anchieta, Rua Fernando Ferrari, Rua Angelo Dal Bosco, Rua das Violetas, Rua Curitiba, Rua General Osório, Rua Tiradentes, Rua Princesa Isabel, Rua Jaury Heitor de Souza, Rua Riciere Pastore, Rua Marcelino Parzianello, Rua Princesa Isabel, Av. Tupi, Av. Brasil, Rua Xingú, Rua Tamoio, P I 2.
A3: SEGUNDA-FEIRA À SEXTA-FEIRA
A4: Vibra | B4: P I 1 - Casa do Artesão (Rua Caramuru) | C4: Bairro Gralha Azul | D4: P I 2 - Casa do Artesão (Rua Tamoio)
A5: / | B5: / | C5: / | D5: 0.0034722222
A6: 0.0069444444 | B6: 0.017361111 | C6: 0.034722222 | D6: /
A7: 0.076388889 | B7: 0.090277778 | C7: 0.11111111 | D7: /
A8: 0.59722222 | B8: 0.61111111 | C8: 0.62152778 | D8: 0.63194444
A9: 0.66666667 | B9: 0.68055556 | C9: 0.70138889 | D9: 0.71527778
A11: P I 1, Rua Caramuru, Rua Tamoio, Av. Tupi, Marginal Av. Tupi, Rua das Flores, Rua Princesa Isabel, Rua Jaury Heitor de Souza, (Bairro Gralha Azul), Rua Riciere Pastore, Rua Marcelino Parzianello, Rua Princesa Isabel, Rua Tiradentes, General Osório, Rua Curitiba, Rua das Acácias, Rua Angelo Dal Bosco, Rua Fernando Ferrari, Rua Anchieta, Rua Fernando Ferrari, Rua Industrial, Rua Santa Fé, Rua Dr. Beltrão, Av. Tupi, Av. Brasil, Rua Xingú, Rua Tamoio, P I 3, Rua Tamoio, Rua Ararigbóia, Rua Tocantins, Rua Artibano Sutile, Rua Vitório Tiocheta, Rua Dionísio Daniel Sautier, Rua Celito Giacomel, Rua Pioneiro Victório Leonardi, Rua Melci Dalmolin, Rua Artibano Sutile, BR-158, PR 493, Vibra.
A12: SEGUNDA-FEIRA À SEXTA-FEIRA
A13: Bairro Gralha Azul | B13: P I 2 - Casa do Artesão (Rua Tamoio) | C13: Vibra | D13: P I 2 - Casa do Artesão (Rua Tamoio)
A14: 0.11458333 | B14: 0.12847222 | C14: 0.14583333 | D14: /
A15: 0.18055556 | B15: 0.19791667 | C15: 0.22222222 | D15: /
A16: / | B16: / | C16: / | D16: 0.51041667
A17: 0.52083333 | B17: 0.54166667 | C17: 0.5625 | D17: / | E17: Carro 01
A18: / | B18: / | C18: / | D18: 0.59375
A19: 0.60416667 | B19: 0.625 | C19: 0.64583333 | D19: / | E19: Carro 02

Sheet 202
A1: Linha 202 - Planalto - Vibra
A2: Ponto Rodoviária, Av. Brasil, Trevo Taísa, BR-158, Trevo Patinho, PR-493, Vibra, PR-493, UTFPR, Rua Irineu Parzianello, Rua Lídio Oltramari, Rua Clevelândia, Rua José Tato, Rua Martins Afonso de Souza, Marginal BR-158, Trevo Taísa, Rua Moacir de Jesus Martins, Rua Marco Penso, Rua Vinícius de Moaraes, Rua José Leonardi, Rua Irineu Bertani, Rua Mohammed Omar Awada, Rua dos Cardeais, Rua das Garças, Rua das Andorinhas, Rua Áurea Zandoná, Rua Augusto Saggin, Rua Abílio Parzianello, Rua Das Andorinhas, Rua Édimo Belmiro Pastro.
A3: SEGUNDA-FEIRA À SEXTA-FEIRA
A4: Vibra | B4: Bairro Bela Vista | C4: Ponto Rodoviaria
A5: / | B5: / | C5: 0.0034722222
A6: 0.0069444444 | B6: 0.038194444 | C6: /
A7: 0.076388889 | B7: 0.11111111 | C7: /
A8: 0.59722222 | B8: 0.61805556 | C8: /
A9: 0.66666667 | B9: 0.70138889 | C9: /
A11: Ponto Rodoviária, Av. Brasil, Trevo Taísa, BR-158, Trevo Itacolomi, Marginal BR-158, Rua Édimo Belmiro Pastro, Rua das Andorinhas, Rua Áurea Zandoná, Rua Augusto Saggin, Rua Abílio Parzianello, Rua das Andorinhas, Rua das Garças, Rua dos Cardeais, Rua Mohammad Omar Awada, Rua Irineu Bertani, Rua José Leonardi, Rua Vinícius de Moraes, Rua Marco Penso, Rua Moacir de Jesus Martins, Marginal BR-158, Rua Martins Afonso de Souza, Rua José Tato, Rua José Fraron, Rua Lídio Oltramari, Rua lrineu Parzianello, Trevo UTFPR, PR-493, Vibra.
A12: SEGUNDA-FEIRA À SEXTA-FEIRA
A13: Bairro Bela Vista | B13: Vibra | C13: Ponto Rodoviária
A14: 0.12152778 | B14: 0.14930556 | C14: /
A15: 0.20138889 | B15: 0.22916667 | C15: /
A16: / | B16: / | C16: 0.52777778
A17: 0.53472222 | B17: 0.56597222 | C17: /
A18: / | B18: / | C18: 0.60416667
A19: 0.61111111 | B19: 0.64583333 | C19: /

Sheet 205
A1: Linha 205 - São Cristóvão - Centro - Vibra
A2: Ponto Rodoviária, Av. Brasil, Trevo Taísa, BR-158, Trevo Patinho, PR-493, Vibra, PR-493, Av. Tupi, Rua Tapir, Rua Caramuru, P I 1, Rua Tamoio, Av. Tupi, (Bairro São Cristóvão), Rua Alexandre Gusmão, Rua da Inconfidência, Rua Luiz Xavier, Rua Manoel Bandeira, Rua Vinte Um de Abril, Rua Érico Veríssimo, Rua Papa João XXIII, Av. Tupi, Rua Ribeirão Preto, Rua Taubaté, (Bairro São Roque), Rua Marília, Rua Terezinha Duarte, (Bairro Santa Fé), Rua Ivaí, (Bairro Vila Verde e Pinheirinho), Rua Lupicínio Rodrigues, Rua Amambaí, Rua Pedro José da Silva, Rua Iguatemi, Rua Genuíno Piacentini, (Bairro Santa Terezinha), Rua Xingú, Rua Tamoio, P I 2.
A3: SEGUNDA-FEIRA À SEXTA-FEIRA
A4: Vibra | B4: Bairro São Cristóvão | C4: P I 2 - Casa do Artesão (Rua Caramuru) | D4: Ponto Rodoviária
A5: / | B5: / | C5: / | D5: 0.0034722222
A6: 0.0069444444 | B6: 0.03125 | C6: 0.048611111 | D6: /
A7: 0.076388889 | B7: 0.090277778 | C7: 0.10416667 | D7: /
A8: 0.59722222 | B8: 0.62152778 | C8: 0.63888889 | D8: /
A9: 0.66666667 | B9: 0.69097222 | C9: 0.70833333 | D9: /
A10: / | B10: / | C10: / | D10: /
A12: P I 1, Rua Caramuru, Rua Tamoio, Av. Tupi, Marginal Av. Tupi, (Bairro São Cristóvão), Rua Alexandre Gusmão, Rua da Inconfidência, Rua Luiz Xavier, Rua Manoel Bandeira, Rua Vinte Um de Abril, Rua Érico Veríssimo, Rua Papa João XXIII, Av. Tupi, Rua Ribeirão Preto, Rua Taubaté, (Bairro São Roque), Rua Marília, Rua Terezinha Duarte, (Bairro Santa Fé), Rua Ivaí, (Bairro Vila Verde e Pinheirinho), Rua Lupicínio Rodrigues, Rua Amambaí, Rua Pedro José da Silva, Rua Iguatemi, Rua Genuíno Piacentini, (Bairro Santa Terezinha), Rua Xingú, Rua Tamoio, P I 3, Rua Tamoio, Rua Ararigbóia, Rua Tocantins, Rua Jaciretã, Av. Tupi, PR-493, Vibra.
A13: SEGUNDA-FEIRA À SEXTA-FEIRA
A14: P I 1 - Casa do Artesão (Rua Caramuru) | B14: Bairro São Cristovão | C14: P I 3 - Antiga Rodoviária (Rua Tamoio) | D14: Vibra
A15: / | B15: 0.11805556 | C15: 0.13541667 | D15: 0.14930556
A16: / | B16: 0.19791667 | C16: 0.21527778 | D16: 0.22916667
A17: 0.52777778 | B17: 0.53472222 | C17: 0.55208333 | D17: 0.56597222
A18: 0.60763889 | B18: 0.61458333 | C18: 0.63194444 | D18: 0.64583333

Sheet 206
A1: Linha 206 - Centro Pq. Industrial 03 - Vibra
A2: P I 3, Rua Tamoio, Trevo Taísa, BR-158, Trevo Patinho, PR-493, Estrada Municipal, Vibra, PR-493, Trevo Patinho, Av. Tupi, Rua Tapir, Rua Caramuru, Rua Tamoio, P I 3, Rua Tamoio, Avenida Tupi, (Trevo da Patrola).
A3: SEGUNDA-FEIRA À SEXTA-FEIRA
A4: Vibra | B4: P I 2 - Casa do Artesão (Rua Tamoio) | C4: Trevo Patrola | D4: P I 2 - Casa do Artesão (Rua Tamoio)
A5: / | B5: / | C5: / | D5: 0.065972222
A6: 0.076388889 | B6: 0.090277778 | C6: 0.11111111 | D6: /
A7: / | B7: / | C7: / | D7: /
A9: Linha 206 - Centro Pq. Industrial 03 - Vibra
A10: P I 3, Rua Ararigbóia, Rua Tocantins, Rua Jaciretã, Av. Tupi, Trevo do Patinho, PR-493, Estrada Municipal, Vibra.
A11: SEGUNDA-FEIRA À SEXTA-FEIRA
A12: PI 3 Antiga Rodoviária (Rua Tamoio) | C12: Vibra
A13: 0.27083333 | C13: 0.28472222 | E13: a partir do dia 13/03 carro MINI
A15: Linha 206 - Centro Pq. Industrial 03 - Vibra
A16: Rua Curitiba, Rua das Acácias, Rua Angelo Dal Bosco, Rua Fernando Ferrari, Rua Anchieta, Rua Fernando Ferrari, Rua Dr. Beltrão, Av. Tupi, Av. Brasil, Rua Xingú, Rua Tamoio, P I 3, Rua Ararigbóia, Rua Tocantins, Rua Jaciretã, Av. Tupi, Trevo do Patinho, PR-493, Estrada Municipal, Vibra.
A17: SEGUNDA-FEIRA À SEXTA-FEIRA
A18: (Bairro Veneza) Rua Curitiba | B18: P I 2 Ponto Casa do Artesão (Rua Tamoio) | C18: Vibra
A19: 0.20486111 | B19: 0.21527778 | C19: 0.22916667
A21: Linha 206 - Centro Pq. Industrial 03 - Vibra
A22: Vibra, Estrada Municipal, PR-493, Trevo Patinho, Av. Tupi, Rua Tapir, Rua Caramuru, Rua Tamoio, P I 3.
A23: SEGUNDA-FEIRA À SEXTA-FEIRA
A24: Ponto Vibra | C24: PI 3 Antiga Rodoviária
A26: 0.66666667 | C26: 0.68055556
A27: 0.70833333 | C27: 0.72222222
A29: Linha 206 - Centro Pq. Industrial 03 - Vibra
A30: Rua Uruguaiana, (Supermercado Ponto Quente), Av. Tupi , Av. Brasil, Rua Xingú, Rua Tamoio, P I 3, Rua Ararigbóia, Rua Tocantins, Rua Jaciretã, Av. Tupi, Trevo do Patinho, PR-493, Estrada Municipal, Vibra.
A31: SEGUNDA-FEIRA À SEXTA-FEIRA
A32: P I 1 Ponto Casa do Artesão (Rua Caramuru) | B32: (Supermercado Ponto Quente) | C32: P I 2 Ponto Casa do Artesão (Rua Tamoio) | D32: Vibra
A33: 0.61805556 | B33: 0.625 | C33: 0.63194444 | D33: 0.64583333

Sheet 301 
A1: Linha 301 - Gralha Azul - Centro - Atlas
A2: P I 3, Rua Tamoio, Trevo da Taísa, BR-158, Atlas Eletrodomésticos, BR-158, Trevo Patinho, BR-158, Trevo Taísa, Rua Nereu Ramos, Rua Caramuru, P I 1, Rua Tamoio, Av. Tupi, Rua Uruguaiana, Rua Marechal Deodoro, Rua General Osório, Rua Tiradentes, Rua Princesa Isabel, Rua Jaury Heitor de Souza, (Bairro Gralha Azul), Rua Riciere Pastore, Rua Marcelino Parzianello, Rua Princesa Isabel, Av. Tupi, Av. Brasil, Rua Xingú, Rua Tamoio, P I 2.
A4: SEGUNDA-FEIRA À SEXTA-FEIRA
A5: P I 3 - Ponto Antiga Rodoviária (Rua Tamoio) | B5: Atlas Eletrodomésticos | C5: P I 1 - Ponto Casa do Artesão (Rua Caramuru) | D5: Bairro Gralha Azul
A6: 0.010416667 | B6: 0.03125 | C6: 0.045138889 | D6: 0.065972222
A7: 0.079861111 | B7: / | C7: / | D7: /
A9: P I 1, Rua Caramuru, Rua Tamoio, Av. Tupi, Marginal Av. Tupi, Rua das Flores, (Bairro Alvorada), Rua Jaury Heitor de Souza, (Bairro Gralha Azul), Rua Riciere Pastore, Rua Marcelino Parzianello, Rua Princesa Isabel, Av. Tupi, Bento Gonçalves, Rua das Hortências, Antônio Ascari, Rua Vicente Vieira Ferreira, Rua Fernando ferrari, Rua Dr. Beltrão, Av. Tupi, Av. Brasil, Rua Xingú, Rua Tamoio, P I 3, Rua Tamoio, Rua Farrapos, Av. Brasil, Trevo da Taísa, BR-158, ATLAS, BR-158, Trevo Taísa, Rua Nereu Ramos, Rua Caramuru, P I 2.
A10: SEGUNDA-FEIRA À SEXTA-FEIRA
A11: P I 1 - Ponto Casa do Artesão (Rua Caramuru) | B11: Bairro Gralha Azul | C11: P I 3 - Ponto Antiga Rodoviária (Rua Tamoio) | D11: Atlas Eletrodomésticos
A12: 0.17708333 | B12: 0.19097222 | C12: 0.20486111 | D12: 0.22569444
A13: 0.24652778 | B13: / | C13: / | D13: /
A15: P I 3, Rua Tamoio, Trevo da Taísa, BR-158, Atlas Eletrodomésticos, BR-158, Trevo Patinho, BR-158, Trevo Taísa, Rua Nereu Ramos, Rua Caramuru, P I 1, Rua Tamoio, Av. Tupi, Rua Dr. Beltrão, Rua Santa Fé, Rua Industrial, Rua Fernado Ferrari, Rua Anchieta, Rua Fernando Ferrari, Rua Angelo Dal Bosco, Rua das Violetas, Rua Curitiba, Rua General Osório, Rua Tiradentes, Rua Princesa Isabel, Rua Jaury Heitor de Souza, (Bairro Gralha Azul), Rua Riciere Pastore, Rua Marcelino Parzianello, Rua Princesa Isabel, Av. Tupi, Av. Brasil, Rua Xingú, Rua Tamoio, P I 2.
A17: SEGUNDA-FEIRA À SEXTA-FEIRA
A18: P I 3 - Ponto Antiga Rodoviária (Rua Tamoio) | B18: Atlas Eletrodomésticos | C18: P I 1 - Ponto Casa do Artesão (Rua Caramuru) | D18: Bairro Gralha Azul
B19: 0.73263889 | C19: 0.74652778 | D19: 0.76736111
A20: 0.78125 | B20: / | C20: / | D20: /
A22: P I 1, Rua Caramuru, Rua Tamoio, Av. Tupi, Marginal Av. Tupi, Rua das Flores, (Bairro Alvorada), Rua Jaury Heitor de Souza, (Bairro Gralha Azul), Rua Riciere Pastore, Rua Marcelino Parzianello, Rua Princesa Isabel, Rua Tiradentes, Rua General Osório, Rua Curitiba, Rua das Acácias, Rua Angelo Dal Bosco, Rua Fernando Ferrari, Rua Anchieta, Rua Fernando Ferrari, Rua Industrial, Rua Santa Fé, Rua Dr. Beltrão, Av. Tupi, Av. Brasil, Rua Xingú, Rua Tamoio, P I 3, Rua Tamoio, Trevo da Taísa, BR-158, Atlas Eletrodoméstico.
A24: SEGUNDA-FEIRA À SEXTA-FEIRA
A25: P I 1 - Ponto Casa do Artesão (Rua Caramuru) | B25: Bairro Gralha Azul | C25: P I 3 - Ponto Casa do Artesão (Rua Tamoio) | D25: Atlas Eletrodomésticos
A26: 0.57638889 | B26: 0.59027778 | C26: 0.61111111 | D26: 0.625
A28: Atlas Eletrodomésticos, BR-158, Trevo Patinho, BR-158, Trevo Taísa, Semafaro, Rua Paraná, Av. Tupi, Rua Princesa Izabel, Rua Jaury Heitor de Souza, (Bairro Gralha Azul), Rua Jaury Heitor de Souza, (Bairro Gralha Azul), Rua Riciere Pastore, Rua Marcelino Parzianello, Rua Princesa Izabel, Av. Tupi, Avenida Brasil, Rua Xingú, Rua Tamoio, P I 2.
A29: SEGUNDA-FEIRA À SEXTA-FEIRA
A30: P I 3 Ponto Antiga Rodoviaria | B30: Atlas Eletrodomésticos | C30: P I 1 Ponto Casa do Artesão | D30: Bairro Gralha Azul
A31: / | B31: 0.64583333 | C31: 0.65972222 | D31: 0.68055556
A32: 0.69444444 | B32: / | C32: / | D32: /
A55: Comercial

Sheet 301 (Extra)
A1: Linha 301 - Gralha Azul - Centro - Atlas Eletrodomésticos (EXTRA)
A2: PI1 Rua Caramuru, Rua Tamoio, Avenida Tupi, Rua Princesa Izabel, Rua Tiradentes, Rua General Osorio, (Colégio Carlos Gomes), Rua Curitiba, Rua das Violetas, Rua Angelo Dal Bosco, Rua Fernando Ferrari, Rua Anchieta, Rua Fernando Ferrari, Rua dr. Beltrão, Av. Tupi, Av. Brasil, Rua Xingu, Rua Tamoio, P I 3, Rua Tamoio, Rua Arrarigboia, Rua Tocantins, Rua Jaciretã, Av. Tupi, Trevo do Patinho, Br-158, Atlas, BR 158, Trevo Taisa, Rua Nereu Ramos, Rua Caramuru PI1.
A4: SEGUNDA-FEIRA À SEXTA-FEIRA
A5: P I 1 Ponto Casa do Artesão | B5: Bairro Santo Antonio | C5: P I 3 Ponto Casa do Artesão | D5: Atlas Eletrodomésticos
A6: 0.1875 | B6: 0.19791667 | C6: 0.21180556 | D6: 0.22569444 | E6: 1º
A7: 0.24652778
A8: 0.59027778 | B8: 0.59722222 | C8: 0.61111111 | D8: 0.63541667 | E8: 2º
A12: PI1 Rua Tamoio, Trevo da Taisa, Atlas Eletrodomésticos, BR-158, Trevo Patinho, Av. Tupi, Rua Tapir, Rua Caramuru, P I 1, Rua Tamoio, Av. Tupi, Rua Dr. Beltrão, Rua Fernado Ferrari, Rua Anchieta, Rua Fernando Ferrari, Rua Angelo Dal Bosco, Rua das Violetas, Rua Curitiba, Rua Marechal Deodoro, Rua Uruguaiana, Avenida Tupi, Avenida Brasil, Rua Xingu, Rua Tamoio PI2.
A14: SEGUNDA-FEIRA À SEXTA-FEIRA
A15: P I 2 Ponto Casa do Artesão | B15: Atlas Eletrodomésticos | C15: P I 1 Ponto Casa do Artesão | D15: Bairro Veneza
A16: / | B16: 0.64583333 | C16: 0.65972222 | D16: 0.68055556 | E16: 1º
A17: 0.69097222

Sheet 302
A1: Linha 302 - Planalto - Atlas
A2: Ponto Rodoviária, Av. Brasil, Trevo Taísa, BR-158, Atlas Eletrodomésticos, BR-158, Trevo do Patinho, PR-493, UTFPR, Rua Irineu Parzianello, Rua Lídio Oltramari, Rua Clevelândia, Rua José Tato, Rua Martins Afonso de Souza, Marginal BR-158, Trevo Taísa, Rua Moacir de Jesus Martins, Rua Marco Penso, Rua José Leonardi, Rua Irienu Bertani, Rua Mohammad Omar Awada, Rua dos Cardeais, Rua das Garças, Rua das Andorinhas, Rua Áurea Zandoná, Rua Augusto Saggin, Rua Abílio Parzianello, Rua das Andorinhas, Rua Édimo Belmiro Pastro.
A3: SEGUNDA-FEIRA À SEXTA-FEIRA
A4: Ponto Rodoviária | B4: Atlas Eletrodomésticos | C4: Bairro São João - Bairro Planalto
A5: 0.013888889 | B5: 0.03125 | C5: 0.065972222 | D5: 2º
A7: Rua Édimo Belmiro Pastro, Rua das Andorinhas, Rua Aurea Zandoná, Rua Augusto Sagim, Rua Abílio Parzianelo, Rua das Andorinhas, Rua Édimo Belmiro Pastro, Rua Beija Flor, Rua São Francisco de Assis, Rua dos Cardeais, Rua Mohammad Omar Awada, Rua Irineu Bertani, Rua José Leonardi, Rua Vinícius de Moraes, Rua Marco Penso, Rua Moacir de Jesus Martins, Marginal BR-158, Rua Ricardo Bortolo Tesser, Rua João Penso, Rua José Leonardi, Rua José Covaleski, Rua José Dalmolin, Marginal da BR-158, Trevo da Taísa, BR-158, Atlas Eletrodomésticos, BR-158, Trevo Taísa, Rua Nereu Ramos, Rua Caramuru, P I 1.
A8: SEGUNDA-FEIRA À SEXTA-FEIRA
A9: (Bairro Planalto / Bela Vista) Rua Édimo Belmiro Pastro | B9: Atlas Eletrodomésticos | C9: P I 1 - Casa do Artesão (Rua Caramuru)
A10: 0.19097222 | B10: 0.22569444 | C10: 0.24652778 | D10: 1º
A12: Rua Édimo Belmiro Pastro, Rua das Andorinhas, Rua Rua das Garças, Rua dos Cardeais,Rua das Siriemas, BR 158, Rua José Leonardi, Rua Vinícius de Moraes, Rua Marco Penso, Rua Moacir de Jesus Martins, Marginal BR-158, Rua Ricardo Bortolo Tesser, Rua João Penso, Rua José Leonardi, Rua Covaleski, Rua José Dalmolin, Rua Cristóvão Colombo, Rua Martins Afonso de Souza, Rua José Tato, Rua Clevelândia, Rua Lídio Oltramari, Rua lrineu Parzianello, Trevo UTFPR, PR-493, Trevo do Patinho, BR-158, Atlas Eletrodomésticos.
A13: SEGUNDA-FEIRA À SEXTA-FEIRA
A14: Rua Édimo Belmiro Pastro | B14: Bairro Planalto | C14: Atlas Eletrodomésticos
A15: 0.59027778 | B15: 0.59375 | C15: 0.625 | D15: 2º
A17: Atlas Eletrodomésticos, BR-158, Trevo da Taísa, Marginal da BR-158, Rua Moacir de Jesus Martins, Rua Marco Penso, Rua José Leonardi, Rua Irineu Bertani, Rua Mohammad Omar Awada, Rua dos Cardeais, Rua São Francisco de Assis, Rua Beija Flor, Rua das Andorinhas, Rua Áurea Zandoná, Rua Augusto Sagin, Rua Abílio Parzianello, Rua das Andorinhas, Rua Édimo Belmiro Pastro.
A18: SEGUNDA-FEIRA À SEXTA-FEIRA
A19: Atlas Eletrodomésticos | B19: Bairro Planalto | C19: Rua Édimo Belmiro Pastro
A20: 0.64583333 | B20: 0.68055556 | C20: 0.6875 | D20: 1º
G24: 1º
G25: 2º
G26: 2º
G27: 1º
G28: 2º
G29: 1º

Sheet 302(Extra)
A1: Linha 302 - Planalto - Atlas (EXTRA)
A2: Atlas Eletrodomésticos, BR-158, Trevo do Patinho, Marginal da BR-158, Trevo Taísa, Marginal da BR-158, Rua Nereu Ramos, Rua Caramuru, Rua Tamoio, P I 2 , Rua Tamoio, Rua Itacolomi, Trevo Itacolomi (Bairro Planalto), Marginal BR-158, Rua Maracanã, Rua das Araras, Rua das Garças, Rua dos Cardeais, Rua das Siriemas.
A3: SEGUNDA-FEIRA À SEXTA-FEIRA
A4: Atlas Eletrodomésticos | C4: Bairro São João - Bairro Planalto
A5: 0.03125 | C5: 0.052083333 | E5: 2º
A7: (Bairro Planalro), Rua Maracanã, Rua das Araras, Rua das Garças, Rua dos Cardeais, Rua Rua das Siriemas, Trevo Planalto, Marginal BR-158, Trevo Itacolomi, Rua Itacolomi, Rua Ubiratã, Rua Xingu, Rua Tamoio, P I 2, Rua Tamoio, Rua Arrarigboia, Rua Tocantins, Rua Jaciretã, Av. Tupi, Trevo do Patinho, Br-158, Atlas Eletrodomésticos.
A8: SEGUNDA-FEIRA À SEXTA-FEIRA
A9: Bairro Planalto | B9: P I 3 - Antiga Rodoviária (Rua Tamoio) | C9: Atlas Eletrodomésticos | D9: P I 1 - Ponto Casa do Artesão (Rua Caramuru)
A10: 0.19097222 | B10: 0.20833333 | C10: 0.22569444 | D10: 0.24652778 | E10: 1º
A12: Mohammad Omar Awada, Rua dos Cardeais, Rua das Garças, Rua das Andorinhas, Rua Édimo Belmiro Pastro, Marginal BR 158, BR 158, Atlas
A13: SEGUNDA-FEIRA À SEXTA-FEIRA
A14: Bairro São João | C14: Atlas Eletrodomésticos
A15: 0.61458333 | C15: 0.63541667 | E15: verificar reaproveitamento vibra | F15: 2º
A17: Atlas Eletrodomésticos, BR-158, Trevo do Patinho, PR-493, UTFPR, Rua Irineu Parzianello, Rua Lídio Oltramari, Rua Clevelândia, Rua José Tato, Rua Martins Afonso de Souza, Marginal BR-158, Trevo Taísa, BR-158, Trevo Itacolomi, Marginal BR-158, (Bairro Planalto), Rua Maracanã, Rua das Araras, Rua das Garças, Rua dos Cardeais, Rua das Siriemas.
A18: SEGUNDA-FEIRA À SEXTA-FEIRA
A19: Atlas Eletrodomésticos | C19: Bairro Planalto
A20: 0.64583333 | C20: 0.66666667 | E20: 1º

Sheet 304
A1: Linha 304 - São Francisco - Centro - Atlas
A3: Rua Tamoio, P I 2, Trevo Taísa, BR-158, Atlas Eletrodomésticos, BR-158, Trevo Capeg, Rua Artibano Sutile, Rua Vitorino Chiocheta, Rua Dioniosio D. Sauthier, Rua Celito Giacomel, Rua Pioneiro Victorio Leonardi, Rua Melci Dalmolin, Rua Artibano Sutili, Rua Tocantins, Rua Carmela Bortot, Rua Ambrósio Bez, Rua Arthur Bernardi, Avenida das Torres, Rua Itapuã, Rua Araribóia, Rua Maria Bombarda Oldoni, Estrada Municipal Pioneiro Sadi P. Viganó, Rua Industrial, Rua Fernado Ferrari, Rua Anchieta, Rua Fernando Ferrari, Rua Angelo Dal Bosco, Rua das Violetas, Rua Curitiba.
A4: SEGUNDA-FEIRA À SEXTA-FEIRA
A5: P I 2 - Ponto Casa do Artesão (Rua Tamoio) | B5: Atlas Eletrodomésticos | C5: Ponto Rua Artibano Sutile | D5: Bairro La Salle | E5: Rua Anchieta (Bairro Bonato) | F5: Bairro Veneza
A6: 0.013888889 | B6: 0.03125 | C6: 0.038194444 | D6: 0.052083333 | E6: 0.059027778 | F6: 0.065972222 | G6: 2º
B7: / | C7: / | D7: / | E7: / | F7: /
A9: PI 2 Rua Tamoio, Trevo Taisa, Br 158, Trevo Capeg, Rua Artibano Sutile, Rua Vitorino Chiocheta, Rua Dioniosio D. Sauthier, Rua Celito Giacomel, Rua Pioneiro Victorio Leonardi, Rua Melci Dalmolin, Rua Artibano Sutili, Rua Tocantins, Rua Carmela Bortot, Rua Ambrósio Bez, Rua Arthur Bernardi, Estrada Municipal, Rua Itapuã, Rua Ambrósio Bez, Rua Arthur Bernardi, Avenida das Torres, Rua Itapuã, Rua Ararriboia, Ponto em frente à TV, Rua Maria Bombarda Oldoni, Rua Lídio Guerra, Rua André Borsoi, Rua Pioneiro Alberto Braun, Rua Itapuã, Rua Itacolomi, Rua Tamoio, P I 3, Rua Tamoio, Rua Arrarigboia, Rua Tocantins, Rua Jaciretã, Av. Tupi, Trevo do Patinho, Br-158, Atlas Eletrodomésticos, BR 158, Trevo Taisa, Rua Nereu Ramos, Rua Caramuru PI 1.
A10: SEGUNDA-FEIRA À SEXTA-FEIRA
A11: PI 3 Casa do Artesão | B11: Ponto Rua Artibano Sutili | C11: PI 3 Casa do Artesão | D11: Atlas Eletrodoméstico
A12: 0.18055556 | B12: 0.19097222 | C12: 0.21180556 | D12: 0.22569444
A13: 0.24652778
A15: Atlas Eletrodomésticos, BR-158, Trevo Patinho, Br-158,Trevo do Patinho, Avenida Tupi, Rua Tapir, Rua Caramuru, P I 1, Rua Tamoio, Av. Tupi, Rua Dr. Beltrão, Rua Santa Fé, Rua Industrial, Rua Fernado Ferrari, Rua Anchieta, Rua Fernando Ferrari, Rua Dr Beltrão, Avenida Tupi, Avenida Brasil, Rua Xingu, Rua Tamoio, PI 2
A16: SEGUNDA-FEIRA À SEXTA-FEIRA
A17: Atlas Eletrodomésticos | B17: PI 1 Casa do Artesão | C17: Rua Anchieta ( Bairro Bonato) | D17: PI 2 Casa do Artesão
A18: 0.64583333 | B18: 0.65972222 | C18: 0.67361111 | D18: 0.68402778

Sheet 305
A1: Linha 305 - São Cristóvão - Atlas
A2: Av. Brasil, Ponto Rodoviária, Trevo Taísa, BR-158, Atlas Eletrodomésticos, BR-158, Trevo Patinho, Av. Tupi, Rua Tapir, Rua Caramuru, P I 1, Rua Tamoio, Av. Tupi, (Bairro São Cristóvão), Rua Alexandre Gusmão, Rua da Inconfidência, Rua Luiz Xavier, Rua Manoel Bandeira, Rua Vinte Um de Abril, Rua Érico Verissimo, Rua Papa João XXIII, Rua Manoel Bandeira, Rua Ribeirão Preto, Rua Taubaté, (Bairro São Roque), Rua Marília, Rua Terezinha Duarte, (Bairro Santa Fé), Rua Ivaí, (Bairro Vila Verde e Pinheirinho), Rua Lupicínio Rodrigues, Rua Amambaí, Rua Iguatemi, Rua Genuíno Piacentini, (Bairro Santa Terezinha), Rua Xingú, Rua Tamoio, P I 2.
A3: SEGUNDA-FEIRA À SEXTA-FEIRA
A4: Ponto Rodoviária | B4: Atlas Eletrodomésticos | C4: P I 1 - Casa do Artesão (Rua Caramuru) | D4: Bairro São Cristovão (Rua Alexandre Gusmão) | E4: P I 2 - Casa do Artesão (Rua Tamoio)
A5: 0.013888889 | B5: 0.03125 | C5: 0.045138889 | D5: 0.055555556 | E5: 0.069444444 | F5: 2º
A8: Rua Caramuru PI 1, Rua Tamoio, Avenida Tupi Marg Avenida Tupi, (Bairro São Cristóvão), Rua Alexandre Gusmão, Rua da Inconfidência, Rua Luiz Xavier, Rua Manoel Bandeira, Rua Vinte Um de Abril, Rua Érico Verissimo, Rua Papa João XXIII, Av. Tupi, Rua Ribeirão Preto, Rua Taubaté (Bairro São Roque), Rua Marília, Rua Terezinha Duarte (Santa Fé), Rua Ivaí (Bairro Vila Verde e Pinheirinho), Rua Lupicínio Rodrigues, Rua Amambaí, Rua Iguatemi, Rua Genuíno Piacentini (Bairro Santa Terezinha), Rua Xingu, Rua Tamoio, P I 2, Rua Tamoio, Rua Arrarigboia, Rua Tocantins, Rua Jaciretã, Av. Tupi, Trevo do Patinho, Br-158, Atlas Eletrodomésticos, BR 158, Trevo Taisa, Rua Nereu Ramos, Rua Caramuru PI 1
A9: SEGUNDA-FEIRA À SEXTA-FEIRA
A10: P I 1 (Ponto Casa do Artesão) | B10: Bairro São Cristovão | C10: P I 3 (Antiga Rodoviaria) | D10: Atlas Eletrodomésticos
A11: 0.18402778 | B11: 0.19097222 | C11: 0.21180556 | D11: 0.22569444 | E11: 1º
A12: 0.24652778
A13: 0.58333333 | B13: 0.59027778 | C13: 0.61111111 | D13: 0.625 | E13: 2º
A15: Atlas Eletrodomésticos, BR-158, Trevo Patinho, Av. Tupi, Rua Tapir, Rua Caramuru, P I 1, Rua Tamoio, Avenida Tupi, (Bairro São Cristóvão), Rua Alexandre Gusmão, Rua da Inconfidência, Rua Luiz Xavier, Rua Manoel Bandeira, Rua Vinte Um de Abril, Rua Érico Verissimo, Rua Papa João XXIII, Av. Tupi, Avenida Brasil, Rua Xingu, Rua Tamoio, PI 2.
A16: SEGUNDA-FEIRA À SEXTA-FEIRA
A17: Atlas Eletrodomésticos | B17: P I 1 (Ponto Casa do Artesão) | C17: Bairro São Cristóvão (Rua Alexandre Gusmão) | D17: P I 2 (Ponto Casa do Artesão)
A18: 0.64583333 | B18: 0.65972222 | C18: 0.67708333 | D18: 0.69097222 | E18: 1º

Sheet 305 (Extra)
A1: Linha 305 - São Cristóvão - Atlas (EXTRA)
A2: Atlas Eletrodomésticos, BR-158, Trevo Patinho, Av. Tupi, Rua Tapir, Rua Caramuru, P I 1, Rua Tamoio, Rua Xavantes, Rua Genuino Piacentine, Rua Iguatemi, Rua Amambai, Rua Lupcionio Rodrigues, Rua Wilibat, Rua Riberão Preto, Rua Taubaté, Rua Marilia, Rua Terezinha Duarte, Rua Ivai, Rua Iguatemi, Avenida Tupi, Avenida Brasil, Rua Xingu, Rua Tamoio PI 2.
A3: SEGUNDA-FEIRA À SEXTA-FEIRA
A4: Atlas Eletrodomésticos | B4: P I 1 (Ponto Casa do Artesão) | C4: Rua Marilia ( Bairro São Roque) | D4: P I 1 (Ponto Casa do Artesão)
A5: 0.64583333 | B5: 0.64930556 | C5: 0.66666667 | D5: 0.68055556 | E5: 1º

Sheet 306
A1: Linha 306 - Centro - Pq. Industrial 02
A3: PI2, Rua Tamoio,Trevo da Taísa, BR-158, Atlas Eletrodomésticos, BR-158 Trevo Patinho, Av. Tupi, Rua Tapir, Rua Caramuru, PI1, Rua Tamoio, Avenida Tupi, Trevo da Patrola.
A4: SEGUNDA-FEIRA À SEXTA-FEIRA
A5: P I 2 (Ponto Casa do Artesão) | B5: Atlas Eletrodomésticos | C5: P I 1 (Ponto Casa do Artesão) | D5: Trevo da Patrola
A6: 0.013888889 | B6: 0.03125 | C6: 0.052083333 | D6: 0.065972222 | E6: 2º
A8: PI1, Rua Caramuru, Rua Tamoio, Avenida Tupi, Rua Dr. Beltrão, Rua Fernando Ferrari, Rua Anchieta, Rua Fernando Ferrari, Rua Industrial, Rua Santa Fé,Rua Dr. Beltrão, Av. Tupi, Av. Brasil, Rua Xingú, Rua Tamoio, P I 3, Rua Tamoio, Rua Farrapos, Av. Brasil, Trevo da Taísa, BR-158, ATLAS, BR-158, Trevo Taísa, Rua Nereu Ramos, Rua Caramuru, P I 2.
A9: SEGUNDA-FEIRA À SEXTA-FEIRA
A10: P I 1 Ponto Casa do Artesão | B10: Bairro Bonato | C10: P I 3 Antiga rodoviária | D10: Atlas Eletrodomésticos | E10: P I 2 Ponto Casa do Artesão
A11: 0.1875 | B11: 0.19930556 | C11: 0.20833333 | D11: 0.22569444 | E11: 0.24652778 | F11: 1º
A13: P I 3, Rua Tamoio, Rua Ararigbóia, Rua Tocantins, Rua Jaciretã, Av. Tupi, Trevo Patinho, BR-158, Atlas Eletrodomésticos.
A14: SEGUNDA-FEIRA À SEXTA-FEIRA
A15: P I 3 - Antiga Rodoviária (Rua Tamoio) | C15: Atlas Eletrodomésticos
A16: 0.29861111 | C16: 0.3125 | E16: C
A17: 0.54861111 | C17: 0.5625 | E17: Menor aprendiz
A19: Trevo Patrola, Marginal Av. Tupi, Av. Tupi, Rua Bento Gonçalves, Rua Marechal Deodoro, Rua Curitiba, Rua das Violetas, Rua Bento Gonçalves, Rua Marechal Deodoro, Rua Uruguaiana, Avenida Tupi, Av. Brasil, Rua Xingú, Rua Tamoio, P I 3 (Antiga Rodoviária), Rua Tamoio, Rua Ararigbóia, Rua Tocantins, Rua Jaciretã, Av. Tupi, Trevo Patinho, BR-158, Atlas Eletrodomésticos.
A20: Trevo Patrola | B20: Bairro Veneza | C20: P I 3 Ponto Casa do Artesão (Rua Tamoio) | D20: Atlas Eletrodomésticos
A21: 0.20138889 | B21: 0.20833333 | C21: 0.21527778 | D21: 0.22916667 | E21: 1º
A22: 0.27430556 | B22: 0.28125 | C22: 0.29166667 | D22: 0.30555556 | E22: C
A24: P I 1 (Ponto Casa do Artesão) Rua Caramuru, Rua Tamoio, Avenida Tupi, Trevo da Patrola, Avenida Tupi, Marginal da Avenida Tupi, Avenida Tupi, Avenida Brasil, Rua Xingu, Rua Tamoio, P I 3, Rua Tamoio, Rua Ararigbóia, Rua Tocantins, Rua Jaciretã, Av. Tupi, Trevo Patinho, BR-158, Atlas Eletrodomésticos.
A25: P I 1 (Ponto Casa do Artesão) | B25: Trevo Patrola | C25: P I 3 - Antiga Rodoviária (Rua Tamoio) | D25: Atlas Eletrodomésticos
A26: 0.58333333 | B26: 0.59722222 | C26: 0.61111111 | D26: 0.63541667 | E26: 2º
A28: PI2, Rua Tamoio,Trevo da Taísa, BR-158, Atlas Eletrodomésticos, BR-158, Trevo Patinho, BR- 158,TrevoTaísa,Rua Nereu Ramos, Rua Caramuru, PI1, RuaTamoio,Av.Tupi, Rua Uruguaiana, Rua Marechal Deodoro, Rua General Osório, Rua Tiradentes, Rua Princesa Izabel, Avenida Tupi, Avenida Brasil, Rua Tamoio, PI2
A29: SEGUNDA-FEIRA À SEXTA-FEIRA
A30: P I 2 Ponto Casa do Artesão | B30: Atlas Eletrodomésticos | C30: P I 1 Ponto Casa do Artesão | D30: Bairro Santo Antonio | E30: P I 2 Ponto Casa do Artesão
A31: 0.63194444 | B31: 0.64583333 | C31: 0.66319444 | D31: 0.67708333 | E31: 0.6875 | F31: 1º
A33: Atlas Eletrodomésticos, BR-158 Trevo Patinho, Av. Tupi, Rua Tapir, Rua Caramuru, Rua Itacolomi, Rua Tamoio, P I 3.
A34: Atlas Eletrodomésticos | C34: P I 3 - Antiga Rodoviária (Rua Tamoio)
A35: 0.73263889 | C35: 0.74652778 | E35: C

Sheet Trajetos Carater Especial 
A1: Linha 101 - Gralha Azul - Pq. Ind. - UTFPR - UNIDEP
A2: Linha X Viagens X KM
A3: REFERÊNCIA | B3: TRAJETOS | C3: KM TRAJETO | D3: VIAGENS PROGRAMADAS MÊS | E3: DIAS TRABALHADOS AO MÊS | F3: TOTAL VIAGENS MÊS | G3: TOTAL KM MÊS
A4: SEGUNDA - FEIRA À SEXTA FEIRA | B4: GRALHA - CENTRO - UTFPR - FADEP | C4: 13.53 | D4: =COUNT('101'!#REF!,'101'!#REF!,'101'!#REF!,'101'!#REF!,'101'!#REF!,'101'!#REF!,'101'!#REF!,'101'!#REF!,'101'!#REF!,'101'!#REF!,'101'!#REF!,'101'!#REF!,'101'!#REF!,'101'!#REF!,'101'!#REF!) -> 0 | F4: =D4*E4 -> 0 | G4: =C4*D4*E4 -> 0
B5: UTFPR - FADEP - CENTRO GRALHA AZUL | C5: 11.7 | D5: =COUNT('101'!#REF!,'101'!#REF!,'101'!#REF!,'101'!#REF!,'101'!#REF!,'101'!#REF!,'101'!#REF!,'101'!#REF!,'101'!#REF!,'101'!#REF!,'101'!#REF!,'101'!#REF!,'101'!#REF!,'101'!#REF!,'101'!#REF!,'101'!#REF!,'101'!#REF!) -> 0 | F5: =D5*E5 -> 0 | G5: =C5*D5*E5 -> 0
B6: UTFPR - FADEP - CENTRO | C6: 6 | D6: =COUNT('101'!#REF!) -> 0 | F6: =D6*E6 -> 0 | G6: =C6*D6*E6 -> 0
B7: CENTRO GRALHA AZUL | C7: 5.7 | D7: =COUNT('101'!#REF!,'101'!#REF!) -> 0 | F7: =D7*E7 -> 0 | G7: =C7*D7*E7 -> 0
B8: GRALHA - CENTRO - GRANJA - UTFPR FADEP | C8: 17.33 | D8: =COUNT('101'!#REF!,'101'!#REF!,'101'!#REF!,'101'!#REF!) -> 0 | F8: =D8*E8 -> 0 | G8: =C8*D8*E8 -> 0
F9: =D9*E9 -> 0 | G9: =C9*D9*E9 -> 0
E10: TOTAL | F10: =SUM(F4:F9) -> 0 | G10: =SUM(G4:G9) -> 0
A12: Linha 102 - Av. Tupi - UTFPR - UNIDEP
A13: Linha X Viagens X KM
A14: REFERÊNCIA | B14: TRAJETOS | C14: KM TRAJETO | D14: VIAGENS PROGRAMADAS MÊS | E14: DIAS TRABALHADOS AO MÊS | F14: TOTAL VIAGENS MÊS | G14: TOTAL KM MÊS
A15: SEGUNDA - FEIRA À SEXTA FEIRA | B15: ENCRUZILHADA - CENTRO - UTFPR UNIDEP | C15: 12.2 | D15: =COUNT('102'!D7,'102'!D11,'102'!D12,'102'!D13,'102'!D14,'102'!D15,'102'!D16,'102'!D17,'102'!D18,'102'!D19,'102'!D20,'102'!D21,'102'!D22,'102'!D23,'102'!D24,'102'!D25) -> 0 | F15: =D15*E15 -> 0 | G15: =C15*D15*E15 -> 0
B16: UTFPR FADEP - CENTRO - ENCRUZILHADA | C16: 11.8 | D16: =COUNT('102'!A9,'102'!A11,'102'!A12,'102'!A13,'102'!A14,'102'!A15,'102'!A16,'102'!A17,'102'!A18,'102'!A19,'102'!A20,'102'!A21,'102'!A22,'102'!A23,'102'!A24,'102'!A25,'102'!A28,'102'!A31) -> 18 | F16: =D16*E16 -> 0 | G16: =C16*D16*E16 -> 0
B17: ENCRUZILHADA - CENTRO - GRANJA - UTFPR UNIDEP | C17: 15.4 | D17: =COUNT('102'!D9,'102'!D28) -> 2 | F17: =D17*E17 -> 0 | G17: =C17*D17*E17 -> 0
B18: CENTRO - UTFPR UNIDEP | C18: 6.6 | D18: =COUNT('102'!D6) -> 0 | F18: =D18*E18 -> 0 | G18: =C18*D18*E18 -> 0
B19: ENCRUZILHADA - CENTRO | C19: 5.2 | D19: =COUNT('102'!B31) -> 0 | F19: =D19*E19 -> 0 | G19: =C19*D19*E19 -> 0
B20: UTFPR UNIDEP - CENTRO | C20: 6 | D20: =COUNT('102'!E28) -> 0 | F20: =D20*E20 -> 0 | G20: =C20*D20*E20 -> 0
B21: UTFPR UNIDEP - CENTRO - TREVO PATROLA | C21: 10.9 | D21: 1 | F21: =D21*E21 -> 0 | G21: =C21*D21*E21 -> 0
B22: PATROLA - CENTRO | C22: 5.2 | D22: 1 | F22: =D22*E22 -> 0 | G22: =C22*D22*E22 -> 0
E23: TOTAL | F23: =SUM(F15:F22) -> 0 | G23: =SUM(G15:G22) -> 0
A25: Linha 103 - Gralha Azul - Centro (via Alvorada)
A26: Linha X Viagens X KM
A27: REFERÊNCIA | B27: TRAJETOS | C27: KM TRAJETO | D27: VIAGENS PROGRAMADAS MÊS | E27: DIAS TRABALHADOS AO MÊS | F27: TOTAL VIAGENS MÊS | G27: TOTAL KM MÊS
A28: SEGUNDA - FEIRA À SEXTA FEIRA | B28: GRALHA - CENTRO - TAPIR | C28: 7.7 | D28: =COUNT('103'!C7,'103'!C8,'103'!C9,'103'!C10,'103'!C11,'103'!C12,'103'!C13,'103'!C18,'103'!C19,'103'!C20,'103'!C21,'103'!C22,'103'!C23,'103'!C28,'103'!C29,'103'!C30,'103'!C31,'103'!C32,'103'!C33) -> 19 | F28: =D28*E28 -> 0 | G28: =C28*D28*E28 -> 0
B29: TAPIR - CENTRO - GRALHA | C29: 6.2 | D29: =COUNT('103'!A9,'103'!A10,'103'!A11,'103'!A12,'103'!A13,'103'!A14,'103'!A18,'103'!A19,'103'!A20,'103'!A21,'103'!A22,'103'!A23,'103'!A24,'103'!A28,'103'!A29,'103'!A30,'103'!A31,'103'!A32,'103'!A33) -> 19 | F29: =D29*E29 -> 0 | G29: =C29*D29*E29 -> 0
B30: GRALHA - CENTRO | C30: 5.7 | D30: =COUNT('103'!B14,'103'!B24) -> 2 | F30: =D30*E30 -> 0 | G30: =C30*D30*E30 -> 0
B31: CENTRO - GRALHA AZUL | C31: 5.6 | D31: =COUNT('103'!A7,'103'!A8) -> 2 | F31: =D31*E31 -> 0 | G31: =C31*D31*E31 -> 0
E32: TOTAL | F32: =SUM(F28:F31) -> 0 | G32: =SUM(G28:G31) -> 0
A34: Linha 107 - Veneza - UTFPR
A35: Linha X Viagens X KM
A36: REFERÊNCIA | B36: CARRO | C36: TRAJETOS | D36: KM TRAJETO | E36: VIAGENS PROGRAMADAS MÊS | F36: DIAS TRABALHADOS AO MÊS | G36: TOTAL VIAGENS MÊS | H36: TOTAL KM MÊS
A37: SEGUNDA - FEIRA À SEXTA FEIRA | B37: CARRO 01 | C37: VENEZA - CENTRO - UTFPR FADEP | D37: 11.6 | E37: =COUNT('107'!#REF!,'107'!#REF!,'107'!#REF!,'107'!#REF!,'107'!#REF!,'107'!#REF!,'107'!#REF!,'107'!#REF!) -> 0 | G37: =E37*F37 -> 0 | H37: =D37*E37*F37 -> 0
C38: UTFPR FADEP - CENTRO - VENEZA | D38: 10.2 | E38: =COUNT('107'!#REF!,'107'!#REF!,'107'!#REF!,'107'!#REF!,'107'!#REF!,'107'!#REF!,'107'!#REF!,'107'!#REF!) -> 0 | G38: =E38*F38 -> 0 | H38: =D38*E38*F38 -> 0
C39: CENTRO - VENEZA | D39: 4.2 | E39: =COUNT('107'!#REF!) -> 0 | G39: =E39*F39 -> 0 | H39: =D39*E39*F39 -> 0
C40: VENEZA - CENTRO | D40: 5.1 | E40: =COUNT('107'!#REF!) -> 0 | G40: =E40*F40 -> 0 | H40: =D40*E40*F40 -> 0
C41: CENTRO - UTFPR FADEP | D41: 6.6 | E41: =COUNT('107'!#REF!) -> 0 | G41: =E41*F41 -> 0 | H41: =D41*E41*F41 -> 0
B42: CARRO 02 | C42: VENEZA - CENTRO - UTFPR FADEP | D42: 11.6 | E42: =COUNT('107'!#REF!,'107'!#REF!,'107'!#REF!,'107'!#REF!,'107'!#REF!,'107'!#REF!,'107'!#REF!,'107'!#REF!,'107'!#REF!) -> 0 | G42: =E42*F42 -> 0 | H42: =D42*E42*F42 -> 0
C43: UTFPR FADEP - CENTRO - VENEZA | D43: 10.2 | E43: =COUNT('107'!#REF!,'107'!#REF!,'107'!#REF!,'107'!#REF!,'107'!#REF!,'107'!#REF!,'107'!#REF!) -> 0 | G43: =E43*F43 -> 0 | H43: =D43*E43*F43 -> 0
C44: CENTRO - VENEZA | D44: 4.2 | E44: =COUNT('107'!#REF!,'107'!#REF!) -> 0 | G44: =E44*F44 -> 0 | H44: =D44*E44*F44 -> 0
C45: UTFPR UNIDEP - CENTRO | D45: 6 | E45: =COUNT('107'!#REF!) -> 0 | G45: =E45*F45 -> 0 | H45: =D45*E45*F45 -> 0
F46: TOTAL | G46: =SUM(G37:G45) -> 0 | H46: =SUM(H37:H45) -> 0
A48: Linha 110 - São Cristovão - Rodoviária
A49: Linha X Viagens X KM
A50: REFERÊNCIA | B50: TRAJETOS | C50: KM TRAJETO | D50: VIAGENS PROGRAMADAS MÊS | E50: DIAS TRABALHADOS AO MÊS | F50: TOTAL VIAGENS MÊS | G50: TOTAL KM MÊS
A51: SEGUNDA - FEIRA À SEXTA FEIRA | B51: SÃO CRISTÓVÃO - CENTRO - RODOVIÁRIA | C51: 8 | D51: =COUNT('110'!#REF!,'110'!#REF!,'110'!#REF!,'110'!#REF!,'110'!#REF!,'110'!#REF!,'110'!#REF!,'110'!#REF!,'110'!#REF!) -> 0 | F51: =D51*E51 -> 0 | G51: =C51*D51*E51 -> 0
B52: RODOVIÁRIA - CENTRO - SÃO CRISTÓVÃO | C52: 6.8 | D52: =COUNT('110'!#REF!,'110'!#REF!,'110'!#REF!,'110'!#REF!,'110'!#REF!,'110'!#REF!,'110'!#REF!,'110'!#REF!) -> 0 | F52: =D52*E52 -> 0 | G52: =C52*D52*E52 -> 0
B53: RODOVIÁRIA - CENTRO - SÃO CRISTÓVÃO - SÃO CRISTÓVÃO | C53: 9.2 | D53: =COUNT('110'!#REF!) -> 0 | F53: =D53*E53 -> 0 | G53: =C53*D53*E53 -> 0
E54: TOTAL | F54: =SUM(F51:F53) -> 0 | G54: =SUM(G51:G53) -> 0
A56: Linha 112 - Planalto - Centro (via Rua Xingú)
A57: Linha X Viagens X KM
A58: REFERÊNCIA | B58: TRAJETOS | C58: KM TRAJETO | D58: VIAGENS PROGRAMADAS MÊS | E58: DIAS TRABALHADOS AO MÊS | F58: TOTAL VIAGENS MÊS | G58: TOTAL KM MÊS
A59: SEGUNDA - FEIRA À SEXTA FEIRA | B59: PLANALTO - CENTRO - TAPIR | C59: 7.4 | D59: =COUNT('112'!C5,'112'!C6,'112'!C8,'112'!C9,'112'!C11,'112'!C12,'112'!C13,'112'!C14,'112'!C16,'112'!C17,'112'!C18) -> 11 | F59: =D59*E59 -> 0 | G59: =C59*D59*E59 -> 0
B60: TAPIR - PLANALTO | C60: 4.1 | D60: =COUNT('112'!A6,'112'!A7,'112'!A8,'112'!A9,'112'!A11,'112'!A12,'112'!A13,'112'!A14,'112'!A16,'112'!A17,'112'!A18,'112'!A19) -> 11 | F60: =D60*E60 -> 0 | G60: =C60*D60*E60 -> 0
B61: PLANALTO - TREVO DA GUEPARDO - CENTRO - TAPIR | C61: 9.7 | D61: =COUNT('112'!C7) -> 1 | F61: =D61*E61 -> 0 | G61: =C61*D61*E61 -> 0
B62: PLANALTO - CENTRO | C62: 3.7 | D62: =COUNT('112'!B19) -> 0 | F62: =D62*E62 -> 0 | G62: =C62*D62*E62 -> 0
F63: =D63*E63 -> 0 | G63: =C63*D63*E63 -> 0
F64: =D64*E64 -> 0 | G64: =C64*D64*E64 -> 0
E65: TOTAL | F65: =SUM(F59:F64) -> 0 | G65: =SUM(G59:G64) -> 0
A67: Linha 113 - SÃO JOÃO - BELA VISTA - PAULO AFONSO
A68: Linha X Viagens X KM
A69: REFERÊNCIA | B69: TRAJETOS | C69: KM TRAJETO | D69: VIAGENS PROGRAMADAS MÊS | E69: DIAS TRABALHADOS AO MÊS | F69: TOTAL VIAGENS MÊS | G69: TOTAL KM MÊS
A70: SEGUNDA - FEIRA À SEXTA FEIRA | B70: SÃO JOÃO - PAULO AFONSO - BELA VISTA - CENTRO | C70: 8.6 | D70: =COUNT('113'!D6,'113'!D7,'113'!D8,'113'!D9,'113'!D10,'113'!D11,'113'!D12,'113'!D14,'113'!D15,'113'!D16,'113'!D17,'113'!D18,'113'!D19,'113'!D20,'113'!D21) -> 15 | F70: =D70*E70 -> 0 | G70: =C70*D70*E70 -> 0
B71: CENTRO - BELA VISTA - PAULO AFONSO - SÃO JOÃO | C71: 7.22 | D71: =COUNT('113'!A6,'113'!A8,'113'!A9,'113'!A10,'113'!A11,'113'!A12,'113'!A14,'113'!A15,'113'!A16,'113'!A17,'113'!A18,'113'!A19,'113'!A20,'113'!A21,'113'!A23) -> 14 | F71: =D71*E71 -> 0 | G71: =C71*D71*E71 -> 0
B72: SÃO JOÃO - PLANALTO - CENTRO | C72: 8 | D72: =COUNT('113'!D5) -> 1 | F72: =D72*E72 -> 0 | G72: =C72*D72*E72 -> 0
E73: TOTAL | F73: =SUM(F70:F72) -> 0 | G73: =SUM(G70:G72) -> 0
A75: Linha 114 - SÃO ROQUE - VILA VERDE - VILA ESPERANÇA
A76: Linha X Viagens X KM
A77: REFERÊNCIA | B77: TRAJETOS | C77: KM TRAJETO | D77: VIAGENS PROGRAMADAS MÊS | E77: DIAS TRABALHADOS AO MÊS | F77: TOTAL VIAGENS MÊS | G77: TOTAL KM MÊS
A78: SEGUNDA - FEIRA À SEXTA FEIRA | B78: SÃO ROQUE - VILA VERDE - CENTRO - VILA ESPERANÇA | C78: 8.3 | D78: =COUNT('114'!#REF!,'114'!#REF!,'114'!#REF!,'114'!#REF!,'114'!#REF!,'114'!#REF!,'114'!#REF!,'114'!#REF!,'114'!#REF!,'114'!#REF!) -> 0 | F78: =D78*E78 -> 0 | G78: =C78*D78*E78 -> 0
B79: VILA ESPERANÇA - CENTRO - SÃO ROQUE | C79: 7.1 | D79: =COUNT('114'!#REF!,'114'!#REF!,'114'!#REF!,'114'!#REF!,'114'!#REF!,'114'!#REF!,'114'!#REF!,'114'!#REF!,'114'!#REF!,'114'!#REF!,'114'!#REF!,'114'!#REF!,'114'!#REF!,'114'!#REF!) -> 0 | F79: =D79*E79 -> 0 | G79: =C79*D79*E79 -> 0
B80: SÃO ROQUE - VILA VERDE - CENTRO - AEROPORTO - VILA ESPERANÇA | C80: 10.3 | D80: =COUNT('114'!#REF!,'114'!#REF!,'114'!#REF!,'114'!#REF!) -> 0 | F80: =D80*E80 -> 0 | G80: =C80*D80*E80 -> 0
F81: =D81*E81 -> 0 | G81: =C81*D81*E81 -> 0
B82: SÃO ROQUE - VILA VERDE - CENTRO | C82: 6.5 | D82: =COUNT('114'!#REF!,'114'!#REF!) -> 0 | F82: =D82*E82 -> 0 | G82: =C82*D82*E82 -> 0
B83: CENTRO - SÃO ROQUE | C83: 4.1 | D83: =COUNT('114'!#REF!,'114'!#REF!) -> 0 | F83: =D83*E83 -> 0 | G83: =C83*D83*E83 -> 0
B84: VILA ESPERANÇA - CENTRO | C84: 3 | D84: =COUNT('114'!#REF!,'114'!#REF!) -> 0 | F84: =D84*E84 -> 0 | G84: =C84*D84*E84 -> 0
B85: CENTRO - VILA ESPERANÇA | C85: 3 | D85: =COUNT('114'!#REF!,'114'!#REF!) -> 0 | F85: =D85*E85 -> 0 | G85: =C85*D85*E85 -> 0
E86: TOTAL | F86: =SUM(F78:F85) -> 0 | G86: =SUM(G78:G85) -> 0
A88: Linha 118 - Shopping Pato Branco - UTFPR - Centro
A89: Linha X Viagens X KM
A90: REFERÊNCIA | B90: TRAJETOS | C90: KM TRAJETO | D90: VIAGENS PROGRAMADAS MÊS | E90: DIAS TRABALHADOS AO MÊS | F90: TOTAL VIAGENS MÊS | G90: TOTAL KM MÊS
B91: SHOPPING - TREVO PATINHO - CENTRO - GRALHA AZUL - VENEZA | C91: 15.7 | D91: =COUNT(#REF!,#REF!,#REF!) -> 0 | F91: =D91*E91 -> 0 | G91: =C91*D91*E91 -> 0
B92: VENEZA - CENTRO - SHOPPING | C92: 7.1 | D92: =COUNT(#REF!,#REF!) -> 0 | F92: =D92*E92 -> 0 | G92: =C92*D92*E92 -> 0
B93: VENEZA - CENTRO | C93: 4.1 | D93: =COUNT(#REF!) -> 0 | F93: =D93*E93 -> 0 | G93: =C93*D93*E93 -> 0
B94: SHOPPING -SÃO FRANCISCO - TREVO PATINHO - VILA ESPERANÇA - PLANALTO | C94: 15.4 | D94: =COUNT(#REF!,#REF!,#REF!) -> 0 | F94: =D94*E94 -> 0 | G94: =C94*D94*E94 -> 0
B95: PLANALTO - CENTRO - SHOPPING | C95: 7.4 | D95: =COUNT(#REF!,#REF!) -> 0 | F95: =D95*E95 -> 0 | G95: =C95*D95*E95 -> 0
B96: PLANALTO - CENTRO | C96: 3.7 | D96: =COUNT(#REF!) -> 0 | F96: =D96*E96 -> 0 | G96: =C96*D96*E96 -> 0
E97: TOTAL | F97: =SUM(F91:F96) -> 0 | G97: =SUM(G91:G96) -> 0
A99: Linha 119 - SHOPPING PATO BRANCO / SÃO FRANCISCO
A100: Linha X Viagens X KM
A101: REFERÊNCIA | B101: TRAJETOS | C101: KM TRAJETO | D101: VIAGENS PROGRAMADAS MÊS | E101: DIAS TRABALHADOS AO MÊS | F101: TOTAL VIAGENS MÊS | G101: TOTAL KM MÊS
A102: SEGUNDA - FEIRA À SEXTA FEIRA | B102: SÃO FRANCISCO - CAPEG - CENTRO | C102: 5.8 | D102: =COUNT('119'!#REF!,'119'!#REF!,'119'!#REF!,'119'!#REF!,'119'!#REF!,'119'!#REF!,'119'!#REF!,'119'!#REF!,'119'!#REF!,'119'!#REF!,'119'!#REF!,'119'!#REF!,'119'!#REF!) -> 0 | F102: =D102*E102 -> 0 | G102: =C102*D102*E102 -> 0
B103: CENTRO - SHOPPING - SÃO FRANCISCO | C103: 8.3 | D103: =COUNT('119'!#REF!,'119'!#REF!,'119'!#REF!,'119'!#REF!,'119'!#REF!,'119'!#REF!,'119'!#REF!,'119'!#REF!,'119'!#REF!,'119'!#REF!,'119'!#REF!,'119'!#REF!,'119'!#REF!,'119'!#REF!) -> 0 | F103: =D103*E103 -> 0 | G103: =C103*D103*E103 -> 0
B104: SÃO FRANCISCO - SHOPPING - CENTRO | C104: 9.2 | D104: =COUNT('119'!#REF!) -> 0 | F104: =D104*E104 -> 0 | G104: =C104*D104*E104 -> 0
B105: SÃO FRANCISCO - CENTRO (VIA TOCANTINS) | C105: 6.4 | D105: =COUNT('119'!#REF!) -> 0 | F105: =D105*E105 -> 0 | G105: =C105*D105*E105 -> 0
B106: CENTRO - SHOPPING - SÃO FRANCISCO | C106: 7.2 | D106: =COUNT('119'!#REF!) -> 0 | F106: =D106*E106 -> 0 | G106: =C106*D106*E106 -> 0
E107: TOTAL | F107: =SUM(F102:F106) -> 0 | G107: =SUM(G102:G106) -> 0

Sheet Trajeto Especiais Vibra
A1: Linha 206 - Centro Pq. Industrial 03 - Vibra
A2: P I 3, Rua Ararigbóia, Rua Tocantins, Rua Jaciretã, Av. Tupi, Trevo do Patinho, PR-493, Estrada Municipal, Vibra.
A3: Sabado / Domingos / Feriados
A4: PI 3 Antiga Rodoviária (Rua Tamoio) | C4: Vibra
A5: 0.27083333 | C5: 0.28472222
A6: 0.29861111 | C6: 0.31597222
A8: Linha 206 - Centro Pq. Industrial 03 - Vibra
A9: Vibra, Estrada Municipal, PR-493, Trevo Patinho, Av. Tupi, Rua Tapir, Rua Caramuru, Rua Tamoio, P I 3.
A10: Sabado / Domingos / Feriados
A11: Ponto Vibra | C11: PI 3 Antiga Rodoviária
A12: 0.70833333 | C12: 0.72222222
A13: 0.73958333 | C13: 0.75347222
A15: Linha 206 - Centro Pq. Industrial 03 - Vibra
A16: Vibra, PR-493, Trevo Patinho, Av. Tupi, Rua Tapir, Rua Caramuru, P I 1, Rua Tamoio, Av. Tupi, Rua Dr. Beltrão, Rua Santa Fé, Rua Industrial, Rua Fernando Ferrari, Rua Anchieta, Rua Fernando Ferrari, Rua Angelo Dal Bosco, Rua das Violetas, Rua Curitiba, Rua General Osório, Rua Tiradentes, Rua Princesa Isabel, Rua Jaury Heitor de Souza, Rua Riciere Pastore, Rua Marcelino Parzianello, Rua Princesa Isabel, Av. Tupi, Av. Brasil, Rua Xingú, Rua Tamoio, P I 2.
A17: Sabado / Domingos / Feriados
A18: Vibra | B18: P I 1 - Casa do Artesão (Rua Caramuru) | C18: Bairro Gralha Azul | D18: P I 2 - Casa do Artesão (Rua Tamoio)
A19: 0.73958333 | B19: 0.75347222 | C19: 0.77430556 | D19: 0.78819444
A22: Linha 206 - Centro Pq. Industrial 03 - Vibra
A23: Vibra, PR-493, Trevo Patinho, Av. Tupi, Rua Tapir, Rua Caramuru, Rua Tamoio, P I 2, Rua Tamoio, Rua Itacolomi, Trevo Itacolomi, Marginal BR-158, Rua Édimo Belmiro Pastro, Rua das Andorinhas, (Bairro Paulo Afonso)Rua Aurea Zandona, Rua Augusto Saggin, Rua Abilio Parzianello, Rua Das Andorinhas, Rua das Garças, Rua dos Cardeais, (bairro Alto da Glória) Rua Mohamad Homar Awada, (Bairro São João, Bairro Vila São Pedro), Rua Clarice Recalcati, Rua Sadi Bertol, Rua Clarice Recalcati, Rua Mohamad Homar Awada, Rua dos Cardeais, Rua das Seriemas, Trevo Planalto
A24: Sabado / Domingos / Feriados
A25: Vibra | B25: P I 2 - Casa do Artesão (Rua Tamoio) | C25: Bairro Bela Vista (Édimo Pastro) | D25: Planalto (Rua das Garças)
A26: 0.70833333 | B26: 0.72222222 | C26: 0.72916667 | D26: 0.74305556
A29: Linha 206 - Centro Pq. Industrial 03 - Vibra
A30: Vibra, PR-493, Trevo Patinho, Av. Tupi, Rua Tapir, Rua Caramuru, P I 1, Rua Tamoio, Av. Tupi, Trevo da Patrola, PR-280, Trevo da Carrani, BR-158, Trevo da Guepardo Marginal da BR-158, Rua das Araras, Rua das Garças, Rua dos Cardeais, Rua Mohamad Homar Awada.
A31: Vibra | B31: P I 1 Ponto Casa do Artesão (Rua Caramuru) | C31: Trevo Patrola | D31: São João
A32: 0.70833333 | B32: 0.72222222 | C32: 0.73611111 | D32: 0.75
A33: 0.73958333 | B33: 0.75347222 | C33: 0.76736111 | D33: 0.78125
A36: Linha X Viagens X KM
A37: REFERÊNCIA | B37: TRAJETOS | C37: KM TRAJETO | D37: VIAGENS PROGRAMADAS MÊS | E37: DIAS TRABALHADOS AO MÊS | F37: TOTAL VIAGENS MÊS | G37: TOTAL KM MÊS
A38: Sabado / Domingos / Feriados | B38: CENTRO - VIBRA (VIA AVENIDA TUPI) | C38: 7.9 | D38: =COUNT(C5,C6) -> 2 | F38: =D38*E38 -> 0 | G38: =C38*D38*E38 -> 0 | H38: FERIADOS
B39: VIBRA - CENTRO - INDUSTRIAL - VENEZA - GRALHA AZUL | C39: 15.4 | D39: =COUNT(C19) -> 1 | F39: =D39*E39 -> 0 | G39: =C39*D39*E39 -> 0 | H39: FERIADOS
B40: GRALHA AZUL - CENTRO | C40: 5.8 | D40: =COUNT(D19) -> 1 | F40: =D40*E40 -> 0 | G40: =C40*D40*E40 -> 0 | H40: FERIADOS
B41: VIBRA - CENTRO | C41: 8 | D41: =COUNT(C12,C13) -> 2 | F41: =D41*E41 -> 0 | G41: =C41*D41*E41 -> 0
B42: VIBRA - CENTRO - TREVO DA PATROLA - PLANALTO - SÃO JOÃO | C42: 13.2 | D42: =COUNT(D32,D33) -> 2 | F42: =D42*E42 -> 0 | G42: =C42*D42*E42 -> 0 | H42: FERIADOS
B43: VIBRA - CENTRO - SÃO JOÃO - PLANALTO | C43: 18.4 | D43: =COUNT(D26) -> 1 | F43: =D43*E43 -> 0 | G43: =C43*D43*E43 -> 0 | H43: SÁBADOS
A45: RESUMO VIAGENS X KM X HORAS
A46: REFERÊNCIA | C46: VIAGENS PROGRAMADAS DIA | D46: TOTAL KM DIA | E46: TOTAL DE HORAS DIA
A47: SEGUNDA - FEIRA À SEXTA FEIRA | C47: =SUM(F38:F43) -> 0 | D47: =SUM(G38:G43) -> 0 | E47: =SUM((C5-A5)+(C6-A6)+(D19-A19)+(D26-A26)) -> 0.11458333

Sheet Trajeto Especiais Atlas
A2: Linha 306 - Centro - Pq. Industrial 02
A3: Domingos / Feriados
A4: P I 1, Rua Caramuru, Rua Tamoio, Av. Tupi, Marginal Av. Tupi, Rua das Flores, (Bairro Alvorada), Rua Jaury Heitor de Souza, (Bairro Gralha Azul), Rua Riciere Pastore, Rua Marcelino Parzianello, Rua Princesa Isabel, Av. Tupi, Av. Brasil, Rua Xingú, Rua Tamoio, P I 3, Rua Tamoio, Rua Farrapos, Av. Brasil, Trevo da Taísa, Marginal da BR-158, Rua Martins Afonso de Souza, Rua José Tato, Rua Clevelândia, Rua Lídio Oltramari, Rua lrineu Parzianello, Trevo UTFPR, PR-493, Trevo do Patinho, BR-158, ATLAS, BR-158, Trevo Taísa, Rua Nereu Ramos, Rua Caramuru, P I 2.
A5: P I 1 - Ponto Casa do Artesão (Rua Caramuru) | B5: Bairro Gralha Azul | C5: P I 3 - Ponto Antiga Rodoviária (Rua Tamoio) | D5: Atlas Eletrodomésticos
A6: 0.27083333 | B6: 0.28472222 | C6: 0.29861111 | D6: 0.3125
A7: 0.32638889 | B7: / | C7: / | D7: /
A9: Rua Princesa Izabel, Rua Presidente Jucelino, Rua General Osorio, (Colégio Carlos Gomes), Rua Curitiba, Rua das Violetas, Rua Angelo Dal Bosco, Rua Fernando Ferrari, Rua Anchieta, Rua Fernando Ferrari, Rua Industrial, Rua Santa Fé, Rua Dr. Beltrão, Av. Tupi, Av. Brasil, Rua Xingu, Rua Tamoio, P I 3.
A10: Bairro Santo Antonio | C10: P I 3 Ponto Casa do Artesão
A11: 0.28472222 | C11: 0.29861111
A13: P I 2, Rua Tamoio, Rua Itacolomi, Trevo Itacolomi, Marginal BR-158, Rua Édimo Belmiro Pastro, Rua das Andorinhas, Rua Aurea Zandoná, Rua Augusto Sagim, Rua Abílio Parzianelo, Rua das Andorinhas, Rua Édimo Belmiro Pastro, Rua Beija Flor, Rua São Francisco de Assis, Rua dos Cardeais, Rua Mohammad Omar Awada, Rua Irineu Bertani, Rua José Leonardi, Rua Vinícius de Moraes, Rua Marco Penso, Rua Moacir de Jesus Martins, Marginal BR-158, Rua Ricardo Bortolo Tesser, Rua João Penso, Rua José Leonardi, Rua José Covaleski, Rua José Dalmolin, Marginal da BR-158, Trevo da Taísa, BR-158, Atlas Eletrodomésticos, BR-158, Trevo Taísa, Rua Nereu Ramos, Rua Caramuru, P I 1.
A14: P I 2 - Ponto Casa do Artesão (Rua Tamoio) | B14: (Bairro Planalto / Bela Vista) Rua Édimo Belmiro Pastro | C14: Atlas Eletrodomésticos | D14: P I 1 - Casa do Artesão (Rua Caramuru)
A15: 0.27083333 | B15: 0.27777778 | C15: 0.3125 | D15: 0.32638889
A17: (Bairro Planalto), Rua Maracanã, Rua das Araras, Rua das Garças, Rua dos Cardeais, Rua Rua das Siriemas, Trevo Planalto, Marginal BR-158, Trevo Itacolomi, Rua Itacolomi, Rua Ubiratã, Rua Xingú, Rua Tamoio, P I 2, Rua Ararigbóia, Rua Tocantins, Rua Jaciretã, Av. Tupi, Trevo do Patinho, BR-158, Atlas Eletrodomésticos, BR-158, Trevo Taísa, Rua Nereu Ramos, Rua Caramuru, P I 1.
A18: Bairro Planalto | B18: P I 3 - Antiga Rodoviária (Rua Tamoio) | C18: Atlas Eletrodomésticos | D18: P I 1 - Ponto Casa do Artesão (Rua Caramuru)
A19: 0.28125 | B19: 0.29861111 | C19: 0.3125 | D19: 0.32638889
A21: Rua Artibano Sutile, Rua Vitorino Chiocheta, Rua Dioniosio D. Sauthier, Rua Celito Giacomel, Rua Pioneiro Victorio Leonardi, Rua Melci Dalmolin, Rua Artibano Sutili, Rua Tocantins, Rua Carmela Bortot, Rua Ambrósio Bez, Rua Arthur Bernardi, Estrada Municipal, Rua Itapuã, Rua Ambrósio Bez, Rua Arthur Bernardi, Avenida das Torres, Rua Itapuã, Rua Ararriboia, Ponto em frente à TV, Rua Maria Bombarda Oldoni, Rua Lídio Guerra, Rua André Borsoi, Rua Pioneiro Alberto Braun, Rua Itapuã, Rua Itacolomi, Rua Tamoio P I 3.
A22: Ponto Rua Artibano Sutili | C22: PI 3 Casa do Artesão
A23: 0.27083333 | C23: 0.29861111
A25: Rua Caramuru PI 1, Rua Tamoio, Avenida Tupi, Marginal Avenida Tupi, (Bairro São Cristóvão), Rua Alexandre Gusmão, Rua da Inconfidência, Rua Luiz Xavier, Rua Manoel Bandeira, Rua Vinte Um de Abril, Rua Érico Verissimo, Rua Papa João XXIII, Av. Tupi, Rua Ribeirão Preto, Rua Taubaté (Bairro São Roque), Rua Marília, Rua Terezinha Duarte (Santa Fé), Rua Ivaí (Bairro Vila Verde e Pinheirinho), Rua Lupicínio Rodrigues, Rua Amambaí, Rua Iguatemi, Rua Genuíno Piacentini (Bairro Santa Terezinha), Rua Xingu, Rua Tamoio, P I 2, Rua Tamoio, Rua Arrarigboia, Rua Tocantins, Rua Jaciretã, Av. Tupi, Trevo do Patinho, BR-158, Atlas Eletrodomésticos, BR 158, Trevo Taisa, Rua Nereu Ramos, Rua Caramuru PI 1
A26: P I 1 (Ponto Casa do Artesão) | B26: Bairro São Cristovão | C26: P I 3 (Antiga Rodoviaria) | D26: Atlas Eletrodomésticos
A27: 0.27083333 | B27: 0.27777778 | C27: 0.29861111 | D27: 0.3125
A29: P I 1, Rua Tamoio, Trevo da Taísa, BR-158, Atlas Eletrodomésticos, BR-158, Trevo Patinho, BR-158, Trevo Taísa, Rua Nereu Ramos, Rua Caramuru, P I 1, Rua Tamoio, Av. Tupi, Rua Dr. Beltrão, Rua Santa Fé, Rua Industrial, Rua Fernado Ferrari, Rua Anchieta, Rua Fernando Ferrari, Rua Angelo Dal Bosco, Rua das Violetas, Rua Curitiba, Rua General Osório, Rua Tiradentes, Rua Princesa Isabel, Rua Jaury Heitor de Souza, (Bairro Gralha Azul), Rua Riciere Pastore, Rua Marcelino Parzianello, Rua Princesa Isabel, Av. Tupi, Av. Brasil, Rua Xingú, Rua Tamoio, P I 2.
A30: Atlas Eletrodomésticos | B30: P I 1 - Ponto Casa do Artesão (Rua Caramuru) | C30: Bairro Gralha Azul | D30: P I 3 - Ponto Antiga Rodoviária (Rua Tamoio)
A31: 0.73263889 | B31: 0.74652778 | C31: 0.76736111 | D31: 0.78125
A33: Atlas Eletrodomésticos, BR-158, Trevo do Patinho, PR-493, UTFPR, Rua Irineu Parzianello, Rua Lídio Oltramari, Rua Clevelândia, Rua José Tato, Rua Martins Afonso de Souza, Marginal BR-158, Trevo Taísa, Rua Moacir de Jesus Martins, Rua Marco Penso, Rua José Leonardi, Rua Irienu Bertani, Rua Mohammad Omar Awada, Rua dos Cardeais, Rua das Garças, Rua das Andorinhas, Rua Áurea Zandoná, Rua Augusto Saggin, Rua Abílio Parzianello, Rua das Andorinhas, Rua Édimo Belmiro Pastro, Trevo Planalto.
A34: Atlas Eletrodomésticos | C34: Bairro São João - Bairro Planalto
A35: 0.73263889 | C35: 0.76736111
A37: Atlas Eletrodomésticos, BR-158 Trevo Patinho, Av. Tupi, Rua Tapir, Rua Caramuru, Rua Itacolomi, Rua Tamoio, P I 3.
A38: Atlas Eletrodomésticos | C38: P I 3 - Antiga Rodoviária (Rua Tamoio)
A39: 0.73263889 | C39: 0.74652778
A41: Linha X Viagens X KM
A42: REFERÊNCIA | B42: TRAJETOS | C42: KM TRAJETO | D42: VIAGENS PROGRAMADAS DIA | E42: DIAS TRABALHADOS AO MÊS | F42: TOTAL VIAGENS MÊS | G42: TOTAL KM MÊS
A43: Domingos / Feriados | B43: CENTRO - GRALHA AZUL | C43: 5.6 | D43: =COUNT(B6) -> 1 | F43: =D43*E43 -> 0 | G43: =C43*D43*E43 -> 0
B44: GRALHA - CENTRO - FRARON - ATLAS | C44: 22.5 | D44: =COUNT(D6) -> 1 | F44: =D44*E44 -> 0 | G44: =C44*D44*E44 -> 0
B45: ATLAS - CENTRO | C45: 12.4 | D45: =COUNT(A7,D15,D19) -> 3 | F45: =D45*E45 -> 0 | G45: =C45*D45*E45 -> 0
B46: SANTO ANTÔNIO - VENEZA - INDUSTRIAL - CENTRO | C46: 6.1 | D46: =COUNT(C11) -> 1 | F46: =D46*E46 -> 0 | G46: =C46*D46*E46 -> 0
B47: BELA VISTA - PAULO AFONSO - SÃO JOÃO - VILA ESPERANÇA - ATLAS | C47: 21.23 | D47: =COUNT(C15) -> 1 | F47: =D47*E47 -> 0 | G47: =C47*D47*E47 -> 0
B48: CENTRO - BELLA VISTA | C48: 2.8 | D48: =COUNT(B15) -> 1 | F48: =D48*E48 -> 0 | G48: =C48*D48*E48 -> 0
B49: PLANALTO - CENTRO - ATLAS | C49: 18.3 | D49: =COUNT(C19) -> 1 | F49: =D49*E49 -> 0 | G49: =C49*D49*E49 -> 0
B50: SÃO FRANCISCO - SÃO LUIZ - LA SALLE - CENTRO | C50: 11.6 | D50: =COUNT(C23) -> 1 | F50: =D50*E50 -> 0 | G50: =C50*D50*E50 -> 0
B51: SÃO CRISTÓVÃO - SÃO ROQUE - VILA VERDE - CENTRO - ATLAS | C51: 21.4 | D51: =COUNT(D27) -> 1 | F51: =D51*E51 -> 0 | G51: =C51*D51*E51 -> 0
B52: CENTRO - SÃO CRISTOVÃO | C52: 4.7 | D52: =COUNT(B27) -> 1 | F52: =D52*E52 -> 0 | G52: =C52*D52*E52 -> 0
B53: ATLAS - CENTRO - INDUSTRIAL - SÃO VISCENTE - VENEZA - GRALHA | C53: 21.1 | D53: =COUNT(C31) -> 1 | F53: =D53*E53 -> 0 | G53: =C53*D53*E53 -> 0
B54: GRALHA AZUL - CENTRO | C54: 5.8 | D54: =COUNT(D31) -> 1 | F54: =D54*E54 -> 0 | G54: =C54*D54*E54 -> 0
B55: ATLAS - FRARON - VILA ESPERANÇA - SÃO JOÃO - PLANALTO - PAULO AFONSO - BELA VISTA | C55: 25.1 | D55: =COUNT(C35) -> 1 | F55: =D55*E55 -> 0 | G55: =C55*D55*E55 -> 0
B56: ATLAS - CENTRO | C56: 12.4 | D56: =COUNT(C39) -> 1 | F56: =D56*E56 -> 0 | G56: =C56*D56*E56 -> 0
A58: RESUMO VIAGENS X KM X HORAS | G58: ATENDIMENTO NOS FERIADOS - TEM Q IR NOS BAIRROS
A59: REFERÊNCIA | C59: VIAGENS PROGRAMADAS DIA | D59: TOTAL KM DIA | E59: TOTAL DE HORAS DIA
A60: SEGUNDA - FEIRA À SEXTA FEIRA | C60: =SUM(F43:F56) -> 0 | D60: =SUM(G43:G56) -> 0 | E60: =SUM((A7-A6)+(C11-A11)+(D15-A15)+(D19-A19)+(C23-A23)+(D27-A27)+(D31-A31)+(C35-A35)+(C39-A39)) -> 0.33680556

Sheet GERAL
A1: Linha X Viagens X KM
F3: DADOS OPERACIONAIS
D4: LINHAS COMERCIAIS | G4: LINHAS INDUSTRIAIS
D5: Dias Uteis | E5: Sábado | F5: Domingo / Feriado | G5: VIBRA AGROINDUSTRIAL S.A | M5: ATLAS INDUSTRIA DE ELETRODOMESTICOS LTDA.
G6: Dias Uteis | H6: Sábado | I6: Domingo / Feriado | J6: Escala Extra | K6: 1 º Turno | L6: 2 º Turno | M6: Dias Uteis | N6: Sábado | O6: Domingo / Feriado | P6: Escala Extra | Q6: Comercial Extra | R6: 1 º Turno | S6: 2 º Turno
D7: 5 | E7: 1 | G7: 5 | M7: 5
A9: LINHAS COMERCIAIS
A10: LINHAS | B10: VIAGENS AO DIA | F10: VIAGENS AO MÊS | J10: TOTAL VIAGENS MÊS | K10: KM AO DIA | O10: KM MÊS | S10: TOTAL KM MÊS
B11: Dias Uteis | C11: Sabado | D11: Domingo | E11: Escala Extra | F11: Dias Uteis | G11: Sabado | H11: Domingo | I11: Escala Extra | K11: Dias Uteis | L11: Sabado | M11: Domingo | N11: Escala Extra | O11: Dias Uteis | P11: Sabado | Q11: Domingo | R11: Escala Extra
A12: Linha 101 - Gralha Azul - Parque Industrial | B12: ='101'!C97 -> 0 | C12: ='101'!C100 -> 0 | D12: 0 | E12: ='Trajetos Carater Especial '!$F$10 -> 0 | F12: =B12*$D$7 -> 0 | G12: =C12*$E$7 -> 0 | H12: =D12*$F$7 -> 0 | I12: =E12 -> 0 | J12: =SUM(F12:I12) -> 0 | K12: ='101'!D97 -> 0 | L12: ='101'!D100 -> 0 | M12: 0 | N12: ='Trajetos Carater Especial '!G10 -> 0 | O12: =K12*$D$7 -> 0 | P12: =L12*$E$7 -> 0 | Q12: =M12*$F$7 -> 0 | R12: =N12 -> 0 | S12: =SUM(O12:R12) -> 0
A13: Linha 102 - Avenida Tupi - UTFPR - FADEP | B13: ='102'!C104 -> 0 | C13: ='102'!C105 -> 0 | D13: ='102'!C106 -> 0 | E13: ='Trajetos Carater Especial '!$F$23 -> 0 | F13: =B13*$D$7 -> 0 | G13: =C13*$E$7 -> 0 | H13: =D13*$F$7 -> 0 | I13: =E13 -> 0 | J13: =SUM(F13:I13) -> 0 | K13: ='102'!D104 -> 0 | L13: ='102'!D105 -> 0 | M13: ='102'!D106 -> 0 | N13: ='Trajetos Carater Especial '!$G$23 -> 0 | O13: =K13*$D$7 -> 0 | P13: =L13*$E$7 -> 0 | Q13: =M13*$F$7 -> 0 | R13: =N13 -> 0 | S13: =SUM(O13:R13) -> 0
A14: Linha 103 - Alvorada - Centro | B14: ='103'!C78 -> 0 | C14: ='103'!C81 -> 0 | D14: 0 | E14: ='Trajetos Carater Especial '!$F$32 -> 0 | F14: =B14*$D$7 -> 0 | G14: =C14*$E$7 -> 0 | H14: =D14*$F$7 -> 0 | I14: =E14 -> 0 | J14: =SUM(F14:I14) -> 0 | K14: ='103'!D78 -> 0 | L14: ='103'!D81 -> 0 | M14: 0 | N14: ='Trajetos Carater Especial '!$G$32 -> 0 | O14: =K14*$D$7 -> 0 | P14: =L14*$E$7 -> 0 | Q14: =M14*$F$7 -> 0 | R14: =N14 -> 0 | S14: =SUM(O14:R14) -> 0
A15: Linha 105 - La Salle | B15: ='105'!C36 -> 0 | C15: ='105'!C37 -> 0 | D15: 0 | E15: 0 | F15: =B15*$D$7 -> 0 | G15: =C15*$E$7 -> 0 | H15: =D15*$F$7 -> 0 | I15: =E15 -> 0 | J15: =SUM(F15:I15) -> 0 | K15: ='105'!D36 -> 0 | L15: ='105'!D37 -> 0 | M15: 0 | N15: 0 | O15: =K15*$D$7 -> 0 | P15: =L15*$E$7 -> 0 | Q15: =M15*$F$7 -> 0 | R15: =N15 -> 0 | S15: =SUM(O15:R15) -> 0
A16: Linha 107 - Veneza - Parque Industrial Teophilo Petrikoski | B16: ='107'!C61 -> 0 | C16: ='107'!C62 -> 0 | D16: 0 | E16: ='Trajetos Carater Especial '!$G$46 -> 0 | F16: =B16*$D$7 -> 0 | G16: =C16*$E$7 -> 0 | H16: =D16*$F$7 -> 0 | I16: =E16 -> 0 | J16: =SUM(F16:I16) -> 0 | K16: ='107'!D61 -> 0 | L16: ='107'!D62 -> 0 | M16: 0 | N16: ='Trajetos Carater Especial '!$H$46 -> 0 | O16: =K16*$D$7 -> 0 | P16: =L16*$E$7 -> 0 | Q16: =M16*$F$7 -> 0 | R16: =N16 -> 0 | S16: =SUM(O16:R16) -> 0
A17: Linha 108 - Gralha Azul - Centro (via Bonato) | B17: ='108'!C39 -> 0 | C17: ='108'!C40 -> 0 | D17: 0 | E17: 0 | F17: =B17*$D$7 -> 0 | G17: =C17*$E$7 -> 0 | H17: =D17*$F$7 -> 0 | I17: =E17 -> 0 | J17: =SUM(F17:I17) -> 0 | K17: ='108'!D39 -> 0 | L17: ='108'!D40 -> 0 | M17: 0 | N17: 0 | O17: =K17*$D$7 -> 0 | P17: =L17*$E$7 -> 0 | Q17: =M17*$F$7 -> 0 | R17: =N17 -> 0 | S17: =SUM(O17:R17) -> 0
A18: Linha 109 - Passo da Pedra | B18: ='109'!G28 -> 0 | C18: 0 | D18: 0 | E18: 0 | F18: =B18*$D$7 -> 0 | G18: =C18*$E$7 -> 0 | H18: =D18*$F$7 -> 0 | I18: =E18 -> 0 | J18: =SUM(F18:I18) -> 0 | K18: ='109'!H28 -> 0 | L18: 0 | M18: 0 | N18: 0 | O18: =K18*$D$7 -> 0 | P18: =L18*$E$7 -> 0 | Q18: =M18*$F$7 -> 0 | R18: =N18 -> 0 | S18: =SUM(O18:R18) -> 0
A19: Linha 110 - São Cristovão - Terminal Rodoviário | B19: ='110'!C40 -> 0 | C19: ='110'!C41 -> 0 | D19: 0 | E19: ='Trajetos Carater Especial '!$F$54 -> 0 | F19: =B19*$D$7 -> 0 | G19: =C19*$E$7 -> 0 | H19: =D19*$F$7 -> 0 | I19: =E19 -> 0 | J19: =SUM(F19:I19) -> 0 | K19: ='110'!D40 -> 0 | L19: ='110'!D41 -> 0 | M19: 0 | N19: ='Trajetos Carater Especial '!$G$54 -> 0 | O19: =K19*$D$7 -> 0 | P19: =L19*$E$7 -> 0 | Q19: =M19*$F$7 -> 0 | R19: =N19 -> 0 | S19: =SUM(O19:R19) -> 0
A20: Linha 111 - Fraron | B20: ='111'!C38 -> 0 | C20: ='111'!C39 -> 0 | D20: 0 | E20: 0 | F20: =B20*$D$7 -> 0 | G20: =C20*$E$7 -> 0 | H20: =D20*$F$7 -> 0 | I20: =E20 -> 0 | J20: =SUM(F20:I20) -> 0 | K20: ='111'!D38 -> 0 | L20: ='111'!D39 -> 0 | M20: 0 | N20: 0 | O20: =K20*$D$7 -> 0 | P20: =L20*$E$7 -> 0 | Q20: =M20*$F$7 -> 0 | R20: =N20 -> 0 | S20: =SUM(O20:R20) -> 0
A21: Linha 112 - Planalto - Centro (via Rua Xingu) | B21: ='112'!C60 -> 0 | C21: ='112'!C61 -> 0 | D21: 0 | E21: ='Trajetos Carater Especial '!$F$65 -> 0 | F21: =B21*$D$7 -> 0 | G21: =C21*$E$7 -> 0 | H21: =D21*$F$7 -> 0 | I21: =E21 -> 0 | J21: =SUM(F21:I21) -> 0 | K21: ='112'!D60 -> 0 | L21: ='112'!D61 -> 0 | M21: 0 | N21: ='Trajetos Carater Especial '!$G$65 -> 0 | O21: =K21*$D$7 -> 0 | P21: =L21*$E$7 -> 0 | Q21: =M21*$F$7 -> 0 | R21: =N21 -> 0 | S21: =SUM(O21:R21) -> 0
A22: Linha 113 - São João - Bela Vista - Paulo Afonso | B22: ='113'!C88 -> 0 | C22: ='113'!C91 -> 0 | D22: ='113'!C92 -> 0 | E22: ='Trajetos Carater Especial '!$F$73 -> 0 | F22: =B22*$D$7 -> 0 | G22: =C22*$E$7 -> 0 | H22: =D22*$F$7 -> 0 | I22: =E22 -> 0 | J22: =SUM(F22:I22) -> 0 | K22: ='113'!D88 -> 0 | L22: ='113'!D91 -> 0 | M22: ='113'!D92 -> 0 | N22: ='Trajetos Carater Especial '!$G$73 -> 0 | O22: =K22*$D$7 -> 0 | P22: =L22*$E$7 -> 0 | Q22: =M22*$F$7 -> 0 | R22: =N22 -> 0 | S22: =SUM(O22:R22) -> 0
A23: Linha 114 - São Roque - Vila Verde - Vila Esperança | B23: ='114'!I71 -> 0 | C23: ='114'!I72 -> 0 | D23: ='113'!C92 -> 0 | E23: ='Trajetos Carater Especial '!$F$86 -> 0 | F23: =B23*$D$7 -> 0 | G23: =C23*$E$7 -> 0 | H23: 0 | I23: =E23 -> 0 | J23: =SUM(F23:I23) -> 0 | K23: ='114'!J71 -> 0 | L23: ='114'!J72 -> 0 | M23: 0 | N23: ='Trajetos Carater Especial '!$G$86 -> 0 | O23: =K23*$D$7 -> 0 | P23: =L23*$E$7 -> 0 | Q23: =M23*$F$7 -> 0 | R23: =N23 -> 0 | S23: =SUM(O23:R23) -> 0
A24: Linha 115 - Planalto - Centro (via Terminal Rodoviário) | B24: ='115'!C45 -> 0 | C24: ='115'!C46 -> 0 | D24: 0 | E24: 0 | F24: =B24*$D$7 -> 0 | G24: =C24*$E$7 -> 0 | H24: =D24*$F$7 -> 0 | I24: =E24 -> 0 | J24: =SUM(F24:I24) -> 0 | K24: ='115'!D45 -> 0 | L24: ='115'!D46 -> 0 | M24: 0 | N24: 0 | O24: =K24*$D$7 -> 0 | P24: =L24*$E$7 -> 0 | Q24: =M24*$F$7 -> 0 | R24: =N24 -> 0 | S24: =SUM(O24:R24) -> 0
A25: Linha 116 - Nova Espero | B25: ='116'!C40 -> 0 | C25: ='116'!C41 -> 0 | D25: 0 | E25: 0 | F25: =B25*$D$7 -> 0 | G25: =C25*$E$7 -> 0 | H25: =D25*$F$7 -> 0 | I25: =E25 -> 0 | J25: =SUM(F25:I25) -> 0 | K25: ='116'!D40 -> 0 | L25: ='116'!D41 -> 0 | M25: 0 | N25: 0 | O25: =K25*$D$7 -> 0 | P25: =L25*$E$7 -> 0 | Q25: =M25*$F$7 -> 0 | R25: =N25 -> 0 | S25: =SUM(O25:R25) -> 0
A26: Linha 117 - Planalto - UTFPR - UNIDEP | B26: ='117'!C14 -> 0 | C26: 0 | D26: 0 | E26: 0 | F26: =B26*$D$7 -> 0 | G26: =C26*$E$7 -> 0 | H26: =D26*$F$7 -> 0 | I26: =E26 -> 0 | J26: =SUM(F26:I26) -> 0 | K26: ='117'!D14 -> 0 | L26: 0 | M26: 0 | N26: 0 | O26: =K26*$D$7 -> 0 | P26: =L26*$E$7 -> 0 | Q26: =M26*$F$7 -> 0 | R26: =N26 -> 0 | S26: =SUM(O26:R26) -> 0
A27: Linha 119 - São Francisco - São Luiz | B27: ='119'!C119 -> 0 | C27: ='119'!C120 -> 0 | D27: ='119'!C121 -> 0 | E27: ='Trajetos Carater Especial '!$F$107 -> 0 | F27: =B27*$D$7 -> 0 | G27: =C27*$E$7 -> 0 | H27: =D27*$F$7 -> 0 | I27: =E27 -> 0 | J27: =SUM(F27:I27) -> 0 | K27: ='119'!D119 -> 0 | L27: ='119'!D120 -> 0 | M27: ='119'!D121 -> 0 | N27: ='Trajetos Carater Especial '!$G$107 -> 0 | O27: =K27*$D$7 -> 0 | P27: =L27*$E$7 -> 0 | Q27: =M27*$F$7 -> 0 | R27: =N27 -> 0 | S27: =SUM(O27:R27) -> 0
M28: TOTAL | O28: =SUM(O12:O27) -> 0 | P28: =SUM(P12:P27) -> 0 | Q28: =SUM(Q12:Q27) -> 0 | R28: =SUM(R12:R27) -> 0 | S28: =SUM(S12:S27) -> 0
A30: LINHAS INDUSTRIAIS
A31: LINHAS | B31: VIAGENS AO DIA | F31: VIAGENS AO MÊS | K31: KM AO DIA | O31: KM MÊS
B32: Dias Uteis | C32: Sabado | D32: Domingo | E32: Escala Extra | F32: Dias Uteis | G32: Sabado | H32: Domingo | I32: Escala Extra | J32: TOTAL VIAGENS MÊS | K32: Dias Uteis | L32: Sabado | M32: Domingo | N32: Escala Extra | O32: Dias Uteis | P32: Sabado | Q32: Domingo | R32: Escala Extra | S32: TOTAL KM MÊS
A33: Linha 201 - Gralha Azul - Vibra | B33: ='201'!C37 -> 0 | C33: 0 | D33: 0 | E33: ='201'!C37 -> 0 | F33: =B33*$G$7 -> 0 | G33: =C33*$H$7 -> 0 | H33: =D33*$I$7 -> 0 | I33: =E33*$J$7 -> 0 | J33: =SUM(F33:I33) -> 0 | K33: ='201'!D37 -> 0 | L33: 0 | M33: 0 | N33: ='201'!D37 -> 0 | O33: =K33*$G$7 -> 0 | P33: =L33*$H$7 -> 0 | Q33: =M33*$I$7 -> 0 | R33: =SUM((N33*$J$68)+('201'!D35*GERAL!$K$7)+('201'!D36*GERAL!$L$7)) -> 0 | S33: =SUM(O33:R33) -> 0
A34: Linha 202 - Planalto - Vibra | B34: ='202'!C34 -> 0 | C34: 0 | D34: 0 | E34: ='202'!C34 -> 0 | F34: =B34*$G$7 -> 0 | G34: =C34*$H$7 -> 0 | H34: =D34*$I$7 -> 0 | I34: =E34*$J$7 -> 0 | J34: =SUM(F34:I34) -> 0 | K34: ='202'!D34 -> 0 | L34: 0 | M34: 0 | N34: ='202'!D34 -> 0 | O34: =K34*$G$7 -> 0 | P34: =L34*$H$7 -> 0 | Q34: =M34*$I$7 -> 0 | R34: =SUM((N34*$J$7)+('202'!D32*GERAL!$K$7)+('202'!D33*GERAL!$L$7)) -> 0 | S34: =SUM(O34:R34) -> 0
A35: Linha 205 - São Cristóvão - Vibra | B35: ='205'!C33 -> 0 | C35: 0 | D35: 0 | E35: ='205'!C33 -> 0 | F35: =B35*$G$7 -> 0 | G35: =C35*$H$7 -> 0 | H35: =D35*$I$7 -> 0 | I35: =E35*$J$7 -> 0 | J35: =SUM(F35:I35) -> 0 | K35: ='205'!D33 -> 0 | L35: 0 | M35: 0 | N35: ='205'!D33 -> 0 | O35: =K35*$G$7 -> 0 | P35: =L35*$H$7 -> 0 | Q35: =M35*$I$7 -> 0 | R35: =((N35*$J$7)+('205'!D31*GERAL!$K$7)+('205'!D32*GERAL!$L$7)) -> 0 | S35: =SUM(O35:R35) -> 0
A36: Linha 206 - Centro PQ Industrial 02 (Vibra) | B36: ='206'!G54 -> 0 | C36: 0 | D36: 0 | E36: =SUM('206'!C54) -> 0 | F36: =B36*$G$7 -> 0 | G36: =C36*$H$7 -> 0 | H36: =D36*$I$7 -> 0 | I36: =SUM(('206'!C54*$J$7)+'Trajeto Especiais Vibra'!C47) -> 0 | J36: =SUM(F36:I36) -> 0 | K36: ='206'!H54 -> 0 | L36: 0 | M36: 0 | N36: ='206'!H54 -> 0 | O36: =K36*$G$7 -> 0 | P36: =L36*$H$7 -> 0 | Q36: =M36*$I$7 -> 0 | R36: =SUM(('206'!D53*$J$7)+('206'!D50*GERAL!$K$7)+('206'!D51*GERAL!$L$7)+'Trajeto Especiais Vibra'!D47) -> 0 | S36: =SUM(O36:R36) -> 0
A37: Linha 301 - Gralha Azul - Atlas | B37: ='301 '!C51 -> 0 | C37: 0 | D37: 0 | E37: ='301 '!C51 -> 0 | F37: =B37*$M$7 -> 0 | G37: =C37*$N$7 -> 0 | H37: =D37*$O$7 -> 0 | I37: =SUM((E37*P7)+('301 '!C48*GERAL!$R$7)+('301 '!C49*GERAL!$S$7)+('301 '!C50*GERAL!$Q$7)) -> 0 | J37: =SUM(F37:I37) -> 0 | K37: ='301 '!D51 -> 0 | L37: 0 | M37: 0 | N37: ='301 '!D51 -> 0 | O37: =K37*$M$7 -> 0 | P37: =L37*$N$7 -> 0 | Q37: =M37*$O$7 -> 0 | R37: =SUM((N37*$P$7)+('301 '!D48*GERAL!$R$7)+('301 '!D49*GERAL!$S$7)+('301 '!D50*GERAL!Q7)) -> 0 | S37: =SUM(O37:R37) -> 0
A38: Linha 301 - Gralha Azul - Centro - Atlas (EXTRA) | B38: ='301 (Extra)'!C31 -> 0 | C38: 0 | D38: 0 | E38: ='301 (Extra)'!C31 -> 0 | F38: =B38*$M$7 -> 0 | G38: =C38*$N$7 -> 0 | H38: =D38*$O$7 -> 0 | I38: =SUM((GERAL!E38*GERAL!$P$7)+('301 (Extra)'!C27*GERAL!$R$7)) -> 0 | J38: =SUM(F38:I38) -> 0 | K38: ='301 (Extra)'!D31 -> 0 | L38: 0 | M38: 0 | N38: ='301 (Extra)'!D31 -> 0 | O38: =K38*$M$7 -> 0 | P38: =L38*$N$7 -> 0 | Q38: =M38*$O$7 -> 0 | R38: =SUM((N38*$P$7)+('301 (Extra)'!D29*GERAL!$R$7)+('301 (Extra)'!D30*S7)) -> 0 | S38: =SUM(O38:R38) -> 0
A39: Linha 302 - Planalto - Atlas | B39: ='302'!C35 -> 0 | C39: 0 | D39: 0 | E39: ='302'!C35 -> 0 | F39: =B39*$M$7 -> 0 | G39: =C39*$N$7 -> 0 | H39: =D39*$O$7 -> 0 | I39: =SUM((E39*$P$7)+('302'!C33*GERAL!$R$7)+('302'!C34*GERAL!$S$7)) -> 0 | J39: =SUM(F39:I39) -> 0 | K39: ='302'!D35 -> 0 | L39: 0 | M39: 0 | N39: ='302'!D35 -> 0 | O39: =K39*$M$7 -> 0 | P39: =L39*$N$7 -> 0 | Q39: =M39*$O$7 -> 0 | R39: =SUM((N39*$P$7)+('302'!D33*GERAL!$R$7)+('302'!D34*GERAL!$S$7)) -> 0 | S39: =SUM(O39:R39) -> 0
A40: Linha 302 - Planalto - Atlas (extra) | B40: ='302(Extra)'!C33 -> 0 | C40: 0 | D40: 0 | E40: ='302(Extra)'!C33 -> 0 | F40: =B40*$M$7 -> 0 | G40: =C40*$N$7 -> 0 | H40: =D40*$O$7 -> 0 | I40: =SUM((E40*$P$7)+('302(Extra)'!C21*GERAL!$R$7)) -> 0 | J40: =SUM(F40:I40) -> 0 | K40: ='302(Extra)'!D33 -> 0 | L40: 0 | M40: 0 | N40: ='302(Extra)'!D33 -> 0 | O40: =K40*$M$7 -> 0 | P40: =L40*$N$7 -> 0 | Q40: =M40*$O$7 -> 0 | R40: =SUM((N40*$P$7)+('302(Extra)'!D31*GERAL!$R$7)+('302(Extra)'!D32*S7)) -> 0 | S40: =SUM(O40:R40) -> 0
A41: Linha 304 - São Francisco - Atlas | B41: ='304'!C34 -> 0 | C41: 0 | D41: 0 | E41: ='304'!C34 -> 0 | F41: =B41*$M$7 -> 0 | G41: =C41*$N$7 -> 0 | H41: =D41*$O$7 -> 0 | I41: =SUM((E41*$P$7)+('304'!C32*GERAL!$R$7)+('304'!C33*GERAL!$S$7)) -> 0 | J41: =SUM(F41:I41) -> 0 | K41: ='304'!D34 -> 0 | L41: 0 | M41: 0 | N41: ='304'!D34 -> 0 | O41: =K41*$M$7 -> 0 | P41: =L41*$N$7 -> 0 | Q41: =M41*$O$7 -> 0 | R41: =SUM((N41*$P$7)+('304'!D32*GERAL!R7)+('304'!D33*GERAL!S7)) -> 0 | S41: =SUM(O41:R41) -> 0
A42: Linha 305 - São Cristóvão - Atlas | B42: ='305'!C33 -> 0 | C42: 0 | D42: 0 | E42: ='305'!C33 -> 0 | F42: =B42*$M$7 -> 0 | G42: =C42*$N$7 -> 0 | H42: =D42*$O$7 -> 0 | I42: =SUM(E42*$P$7)+('305'!C32*GERAL!$R$7)+('305'!C33*GERAL!S7) -> 0 | J42: =SUM(F42:I42) -> 0 | K42: ='305'!D33 -> 0 | L42: 0 | M42: 0 | N42: ='305'!D33 -> 0 | O42: =K42*$M$7 -> 0 | P42: =L42*$N$7 -> 0 | Q42: =M42*$O$7 -> 0 | R42: =SUM((N42*$P$7)+('305'!D31*GERAL!$R$7)+('305'!D32*GERAL!S7)) -> 0 | S42: =SUM(O42:R42) -> 0
A43: Linha 305 - São Cristóvão - Atlas (EXTRA) | B43: ='305 (Extra)'!C13 -> 0 | C43: 0 | D43: 0 | E43: ='305 (Extra)'!C13 -> 0 | F43: =B43*$M$7 -> 0 | G43: =C43*$N$7 -> 0 | H43: =D43*$O$7 -> 0 | I43: =SUM((E43*$P$7)+('305 (Extra)'!C13*GERAL!$R$7)) -> 0 | J43: =SUM(F43:I43) -> 0 | K43: ='305 (Extra)'!D13 -> 0 | L43: 0 | M43: 0 | N43: ='305 (Extra)'!D13 -> 0 | O43: =K43*$M$7 -> 0 | P43: =L43*$N$7 -> 0 | Q43: =M43*$O$7 -> 0 | R43: =SUM((N43*$P$7)+'305 (Extra)'!D13*GERAL!$R$7) -> 0 | S43: =SUM(O43:R43) -> 0
A44: Linha 306 - Centro - PQ Industrial 03 (Atlas) | B44: ='306'!C57 -> 0 | C44: 0 | D44: 0 | E44: ='306'!C57 -> 0 | F44: =B44*$M$7 -> 0 | G44: =C44*$N$7 -> 0 | H44: =D44*$O$7 -> 0 | I44: =SUM(('306'!C31*GERAL!$P$7)+('306'!C29*$Q$7)+('306'!C28*$S$7)+'Trajeto Especiais Atlas'!C60) -> 0 | J44: =SUM(F44:I44) -> 0 | K44: ='306'!D57 -> 0 | L44: 0 | M44: 0 | N44: ='306'!D57 -> 0 | O44: =K44*$M$7 -> 0 | P44: =L44*$N$7 -> 0 | Q44: =M44*$O$7 -> 0 | R44: =SUM((N44*$P$7)+('306'!D54*GERAL!$S$7)+('306'!D56*GERAL!$Q$7)+('306'!D53*R7)+'Trajeto Especiais Atlas'!D60) -> 0 | S44: =SUM(O44:R44) -> 0
M45: TOTAL | O45: =SUM(O33:O44) -> 0 | P45: =SUM(P33:P44) -> 0 | Q45: =SUM(Q33:Q44) -> 0 | R45: =SUM(R33:R44) -> 0 | S45: =SUM(S33:S44) -> 0
A47: LINHAS | B47: KM
B48: OPERACIONAL | D48: OCIOSA (3%) | F48: TOTAL
A49: Linhas Comerciais | B49: =S28 -> 0 | D49: =SUM(B49*3%) -> 0 | F49: =SUM(B49:E49) -> 0
A50: Linhas Industriais | B50: =S45 -> 0 | D50: =SUM(B50*3%) -> 0 | F50: =SUM(B50:E50) -> 0
D51: TOTAL | F51: =SUM(F49:G50) -> 0

Sheet LINHA x FROTA x KM
A1: LINHA x MODELO DE ÔNIBUS x KM
A3: LINHAS COMERCIAIS
A4: LINHAS | B4: VEÍCULOS | D4: KM
B5: TIPOLOGIA | C5: QUANTIDADE | D5: TOTAL MENSAL | E5: Dias Uteis | F5: Sabado | G5: Domingo | H5: Escala Extra
A6: Linha 101 - Gralha Azul - Parque Industrial | B6: Basíco | C6: 2 | D6: =SUM(E6:H6) -> 0 | E6: ='101'!D97*GERAL!$D$7 -> 0 | F6: ='101'!D98*GERAL!$E$7 -> 0 | G6: 0 | H6: ='Trajetos Carater Especial '!G10 -> 0
B7: Midi | C7: 2 | D7: =SUM(E7:H7) -> 0 | E7: 0 | F7: ='101'!D99*GERAL!$E$7 -> 0 | G7: 0 | H7: 0
A8: Linha 102 - Avenida Tupi - UTFPR - FADEP | B8: Basíco | C8: 4 | D8: =SUM(E8:H8) -> 0 | E8: ='102'!D104*GERAL!$D$7 -> 0 | F8: ='102'!D105*GERAL!$E$7 -> 0 | G8: 0 | H8: ='Trajetos Carater Especial '!G23 -> 0
B9: Midi | C9: 1 | D9: =SUM(E9:H9) -> 0 | E9: 0 | F9: 0 | G9: ='102'!D106*GERAL!$F$7 -> 0 | H9: 0
A10: Linha 103 - Alvorada - Centro | B10: Basíco | C10: 2 | D10: =SUM(E10:H10) -> 0 | E10: ='103'!D78*GERAL!$D$7 -> 0 | F10: ='103'!D79*GERAL!$E$7 -> 0 | G10: 0 | H10: ='Trajetos Carater Especial '!G32 -> 0
B11: Midi | C11: 1 | D11: =SUM(E11:H11) -> 0 | E11: 0 | F11: ='103'!D80*GERAL!$E$7 -> 0 | G11: 0 | H11: 0
A12: Linha 105 - La Salle | B12: Mini | C12: 1 | D12: =SUM(E12:H12) -> 0 | E12: =GERAL!O15 -> 0 | F12: =GERAL!P15 -> 0 | G12: =GERAL!Q15 -> 0 | H12: 0
A13: Linha 107 - Veneza - Parque Industrial Teophilo Petrikoski | B13: Basíco | C13: 1 | D13: =SUM(E13:H13) -> 0 | E13: =GERAL!O16 -> 0 | F13: =GERAL!P16 -> 0 | G13: 0 | H13: =SUM('Trajetos Carater Especial '!H37:H41) -> 0
A14: Linha 108 - Gralha Azul - Centro (via Bonato) | B14: Midi | C14: 1 | D14: =SUM(E14:H14) -> 0 | E14: =GERAL!O17 -> 0 | F14: =GERAL!P17 -> 0 | G14: =GERAL!Q17 -> 0 | H14: 0
A15: Linha 109 - Passo da Pedra | B15: Basíco | C15: 1 | D15: =SUM(E15:H15) -> 0 | E15: ='109'!D28*GERAL!$D$7 -> 0 | F15: 0 | G15: 0 | H15: 0
B16: Mini | C16: 1 | D16: =SUM(E16:H16) -> 0 | E16: ='109'!F28*GERAL!$D$7 -> 0 | F16: 0 | G16: 0 | H16: 0
A17: Linha 110 - São Cristovão - Terminal Rodoviário | B17: Basíco | C17: 1 | D17: =SUM(E17:H17) -> 0 | E17: =GERAL!O19 -> 0 | F17: =GERAL!P19 -> 0 | G17: 0 | H17: ='Trajetos Carater Especial '!G54 -> 0
A18: Linha 111 - Fraron | B18: Midi | C18: 1 | D18: =SUM(E18:H18) -> 0 | E18: =GERAL!O20 -> 0 | F18: =GERAL!P20 -> 0 | G18: =GERAL!Q20 -> 0 | H18: 0
A19: Linha 112 - Planalto - Centro (via Rua Xingu) | B19: Basíco | C19: 1 | D19: =SUM(E19:H19) -> 0 | E19: =GERAL!O21 -> 0 | F19: =GERAL!P21 -> 0 | G19: 0 | H19: ='Trajetos Carater Especial '!G65 -> 0
A20: Linha 113 - São João - Bela Vista - Paulo Afonso | B20: Basíco | C20: 2 | D20: =SUM(E20:H20) -> 0 | E20: ='113'!D88*GERAL!$D$7 -> 0 | F20: ='113'!D89*GERAL!$E$7 -> 0 | G20: 0 | H20: ='Trajetos Carater Especial '!G73 -> 0
B21: Midi | C21: 1 | D21: =SUM(E21:H21) -> 0 | E21: ='113'!G90*GERAL!$D$7 -> 0 | F21: ='113'!D90*GERAL!$E$7 -> 0 | G21: ='113'!D92*GERAL!F7 -> 0 | H21: 0
A22: Linha 114 - São Roque - Vila Verde - Vila Esperança | B22: Basíco | C22: 1 | D22: =SUM(E22:H22) -> 0 | E22: ='114'!D71*GERAL!$D$7 -> 0 | F22: ='114'!D72*GERAL!$E$7 -> 0 | G22: 0 | H22: 0
B23: Midi | C23: 1 | D23: =SUM(E23:H23) -> 0 | E23: ='114'!G71*GERAL!$D$7 -> 0 | F23: ='114'!G72*GERAL!$E$7 -> 0 | G23: 0 | H23: 0
A24: Linha 115 - Planalto - Centro (via Terminal Rodoviário) | B24: Basíco | C24: 1 | D24: =SUM(E24:H24) -> 0 | E24: =GERAL!O24 -> 0 | F24: =GERAL!P24 -> 0 | G24: =GERAL!Q24 -> 0 | H24: 0
A25: Linha 116 - Nova Espero | B25: Basíco | C25: 1 | D25: =SUM(E25:H25) -> 0 | E25: =GERAL!O25 -> 0 | F25: =GERAL!P25 -> 0 | G25: =GERAL!Q25 -> 0 | H25: 0
A26: Linha 117 - Planalto - UTFPR - UNIDEP | B26: Mini | C26: 1 | D26: =SUM(E26:H26) -> 0 | E26: =GERAL!O26 -> 0 | F26: =GERAL!P26 -> 0 | G26: =GERAL!Q26 -> 0 | H26: 0
A27: Linha 119 - São Francisco - São Luiz | B27: Midi | C27: 2 | D27: =SUM(E27:H27) -> 0 | E27: =GERAL!O27 -> 0 | F27: =GERAL!P27 -> 0 | G27: =GERAL!Q27 -> 0 | H27: ='Trajetos Carater Especial '!G108 -> 0
B28: TOTAL | D28: =SUM(D6:D27) -> 0 | E28: =SUM(E6:E26) -> 0 | F28: =SUM(F6:F26) -> 0 | G28: =SUM(G6:G27) -> 0 | H28: =SUM(H6:H26) -> 0
A30: LINHAS INDUSTRIAIS
A31: LINHAS | B31: VEÍCULOS | D31: KM
B32: TIPOLOGIA | C32: QUANTIDADE | D32: TOTAL MENSAL | E32: Dias Uteis | F32: Sabado | G32: Domingo | H32: Escala Extra
A33: Linha 201 - Gralha Azul - Vibra | B33: Basíco | C33: 1 | D33: =SUM(E33:H33) -> 0 | E33: =GERAL!O33 -> 0 | F33: =GERAL!P33 -> 0 | G33: =GERAL!Q33 -> 0 | H33: =GERAL!R33 -> 0
A34: Linha 202 - Planalto - Vibra | B34: Basíco | C34: 1 | D34: =SUM(E34:H34) -> 0 | E34: =GERAL!O34 -> 0 | F34: =GERAL!P34 -> 0 | G34: =GERAL!Q34 -> 0 | H34: =GERAL!R34 -> 0
A35: Linha 205 - São Cristóvão - Vibra | B35: Basíco | C35: 1 | D35: =SUM(E35:H35) -> 0 | E35: =GERAL!O35 -> 0 | F35: =GERAL!P35 -> 0 | G35: =GERAL!Q35 -> 0 | H35: =GERAL!R35 -> 0
A36: Linha 206 - Centro PQ Industrial 02 (Vibra) | B36: Basíco | C36: 1 | D36: =SUM(E36:H36) -> 0 | E36: ='206'!D54*GERAL!G7 -> 0 | F36: =GERAL!P36 -> 0 | G36: =GERAL!Q36 -> 0 | H36: =GERAL!R36 -> 0
B37: Mini | C37: 1 | D37: =SUM(E37:H37) -> 0 | E37: ='206'!F54*GERAL!G7 -> 0 | F37: 0 | G37: 0 | H37: 0
A38: Linha 301 - Gralha Azul - Atlas | B38: Basíco | C38: 1 | D38: =SUM(E38:H38) -> 0 | E38: =GERAL!O37 -> 0 | F38: =GERAL!P37 -> 0 | G38: =GERAL!Q37 -> 0 | H38: =GERAL!R37 -> 0
A39: Linha 301 - Gralha Azul Atlas Eletrodomésticos (extra) | B39: Basíco | C39: 1 | D39: =SUM(E39:H39) -> 0 | E39: =GERAL!O38 -> 0 | F39: =GERAL!P38 -> 0 | G39: =GERAL!Q38 -> 0 | H39: =GERAL!R38 -> 0
A40: Linha 302 - Planalto - Atlas | B40: Basíco | C40: 1 | D40: =SUM(E40:H40) -> 0 | E40: =GERAL!O39 -> 0 | F40: =GERAL!P39 -> 0 | G40: =GERAL!Q39 -> 0 | H40: =GERAL!R39 -> 0
A41: Linha 302 - Planalto - Atlas (extra) | B41: Basíco | C41: 1 | D41: =SUM(E41:H41) -> 0 | E41: =GERAL!O40 -> 0 | F41: =GERAL!P40 -> 0 | G41: =GERAL!Q40 -> 0 | H41: =GERAL!R40 -> 0
A42: Linha 304 - São Francisco - Atlas | B42: Basíco | C42: 1 | D42: =SUM(E42:H42) -> 0 | E42: =GERAL!O41 -> 0 | F42: =GERAL!P41 -> 0 | G42: =GERAL!Q41 -> 0 | H42: =GERAL!R41 -> 0
A43: Linha 305 - São Cristóvão - Atlas | B43: Basíco | C43: 1 | D43: =SUM(E43:H43) -> 0 | E43: =GERAL!O42 -> 0 | F43: =GERAL!P42 -> 0 | G43: =GERAL!Q42 -> 0 | H43: =GERAL!R42 -> 0
A44: Linha 305 - São Cristóvão - Atlas (EXTRA) | B44: Basíco | C44: 1 | D44: =SUM(E44:H44) -> 0 | E44: =GERAL!O43 -> 0 | F44: =GERAL!P43 -> 0 | G44: =GERAL!Q43 -> 0 | H44: =GERAL!R43 -> 0
A45: Linha 306 - Centro - PQ Industrial 03 (Atlas) | B45: Basíco | C45: 1 | D45: =SUM(E45:H45) -> 0 | E45: =GERAL!O44 -> 0 | F45: =GERAL!P44 -> 0 | G45: =GERAL!Q44 -> 0 | H45: =GERAL!R44 -> 0
B46: TOTAL | D46: =SUM(D33:D45) -> 0 | E46: =SUM(E33:E45) -> 0 | F46: =SUM(F33:F45) -> 0 | G46: =SUM(G33:G45) -> 0 | H46: =SUM(H33:H45) -> 0
A49: LINHAS | B49: FROTA | D49: KM
B50: TIPOLOGIA | D50: OPERACIONAL | E50: OCIOSA (3%) | F50: TOTAL
A51: Linhas Comerciais | B51: Basíco | D51: =SUM(D6,D8,D10,D13,D15,D17,D19,D20,D22,D24,D25) -> 0 | E51: =D51*3% -> 0 | F51: =SUM(D51:E51) -> 0
B52: Midi | D52: =SUM(D7,D9,D11,D14,D18,D21,D23,D27) -> 0 | E52: =D52*3% -> 0 | F52: =SUM(D52:E52) -> 0
B53: Mini | D53: =SUM(D12,D16,D26) -> 0 | E53: =D53*3% -> 0 | F53: =SUM(D53:E53) -> 0
B54: TOTAL | D54: =SUM(D51:D53) -> 0 | E54: =SUM(E51:E53) -> 0 | F54: =SUM(F51:F53) -> 0
A55: Linhas Industriais | B55: Basíco | D55: =SUM(D33,D34,D35,D36,D38,D39,D40,D41,D42,D43,D44,D45) -> 0 | E55: =D55*3% -> 0 | F55: =SUM(D55:E55) -> 0
B56: Midi | D56: 0 | E56: =D56*3% -> 0 | F56: =SUM(D56:E56) -> 0
B57: Mini | D57: =D37 -> 0 | E57: =D57*3% -> 0 | F57: =SUM(D57:E57) -> 0
B58: TOTAL | D58: =SUM(D55:D57) -> 0 | E58: =SUM(E55:E57) -> 0 | F58: =SUM(F55:F57) -> 0
B60: TOTAL SISTEMA | D60: =SUM(D58,D54) -> 0 | E60: =SUM(E58,E54) -> 0 | F60: =SUM(F58,F54) -> 0

Sheet HORAS
A1: Linha Horas
F3: Dados Operacionais
F4: Dias Trabalhado Mês
F5: Dias Uteis | G5: Sábado | H5: Domingo
F6: 21 | G6: 4 | H6: 5
A8: LINHAS | B8: HORAS AO DIA | E8: HORAS MÊS | H8: TOTAL HORAS MÊS
B9: Dias Uteis | C9: Sabado | D9: Domingo | E9: Dias Uteis | F9: Sabado | G9: Domingo
A10: Linha 101 - Gralha Azul - Parque Industrial | B10: ='101'!#REF! -> #REF! | C10: ='101'!#REF! -> #REF! | D10: 0 | E10: =B10*$F$6 -> #REF! | F10: =C10*$G$6 -> #REF! | G10: =D10*$H$6 -> 0 | H10: =SUM(E10:G10) -> #REF!
A11: Linha 102 - Avenida Tupi - UTFPR - FADEP | B11: ='102'!E105 -> 0 | C11: ='102'!E106 -> 0 | D11: ='102'!E107 -> 0 | E11: =B11*$F$6 -> 0 | F11: =C11*$G$6 -> 0 | G11: =D11*$H$6 -> 0 | H11: =SUM(E11:G11) -> 0
A12: Linha 103 - Alvorada - Centro | B12: ='103'!E78 -> 0 | C12: ='103'!E79 -> 0 | D12: 0 | E12: =B12*$F$6 -> 0 | F12: =C12*$G$6 -> 0 | G12: =D12*$H$6 -> 0 | H12: =SUM(E12:G12) -> 0
A13: Linha 105 - La Salle | B13: ='105'!E36 -> 0 | C13: ='105'!E37 -> 0 | D13: 0 | E13: =B13*$F$6 -> 0 | F13: =C13*$G$6 -> 0 | G13: =D13*$H$6 -> 0 | H13: =SUM(E13:G13) -> 0
A14: Linha 107 - Veneza - Parque Industrial Teophilo Petrikoski | B14: ='107'!#REF! -> #REF! | C14: ='107'!#REF! -> #REF! | D14: 0 | E14: =B14*$F$6 -> #REF! | F14: =C14*$G$6 -> #REF! | G14: =D14*$H$6 -> 0 | H14: =SUM(E14:G14) -> #REF!
A15: Linha 108 - Gralha Azul - Centro (via Bonato) | B15: ='108'!E39 -> 0 | C15: ='108'!E40 -> 0 | D15: 0 | E15: =B15*$F$6 -> 0 | F15: =C15*$G$6 -> 0 | G15: =D15*$H$6 -> 0 | H15: =SUM(E15:G15) -> 0
A16: Linha 109 - Passo da Pedra | B16: ='109'!I28 -> 0 | C16: 0 | D16: 0 | E16: =B16*$F$6 -> 0 | F16: =C16*$G$6 -> 0 | G16: =D16*$H$6 -> 0 | H16: =SUM(E16:G16) -> 0
A17: Linha 110 - São Cristovão - Terminal Rodoviário | B17: ='110'!#REF! -> #REF! | C17: ='110'!#REF! -> #REF! | D17: 0 | E17: =B17*$F$6 -> #REF! | F17: =C17*$G$6 -> #REF! | G17: =D17*$H$6 -> 0 | H17: =SUM(E17:G17) -> #REF!
A18: Linha 111 - Fraron | B18: ='111'!#REF! -> #REF! | C18: ='111'!#REF! -> #REF! | D18: 0 | E18: =B18*$F$6 -> #REF! | F18: =C18*$G$6 -> #REF! | G18: =D18*$H$6 -> 0 | H18: =SUM(E18:G18) -> #REF!
A19: Linha 112 - Planalto - Centro (via Rua Xingu) | B19: ='112'!#REF! -> #REF! | C19: ='112'!E57 -> 0 | D19: 0 | E19: =B19*$F$6 -> #REF! | F19: =C19*$G$6 -> 0 | G19: =D19*$H$6 -> 0 | H19: =SUM(E19:G19) -> #REF!
A20: Linha 113 - São João - Bela Vista - Paulo Afonso | B20: ='113'!E88 -> 0 | C20: ='113'!E91 -> 0 | D20: ='113'!E92 -> 0 | E20: =B20*$F$6 -> 0 | F20: =C20*$G$6 -> 0 | G20: =D20*$H$6 -> 0 | H20: =SUM(E20:G20) -> 0
A21: Linha 114 - São Roque - Vila Verde - Vila Esperança | B21: ='114'!#REF! -> #REF! | C21: ='114'!#REF! -> #REF! | D21: 0 | E21: =B21*$F$6 -> #REF! | F21: =C21*$G$6 -> #REF! | G21: =D21*$H$6 -> 0 | H21: =SUM(E21:G21) -> #REF!
A22: Linha 115 - Planalto - Centro (via Terminal Rodoviário) | B22: ='115'!E45 -> 0 | C22: ='115'!E46 -> 0 | D22: 0 | E22: =B22*$F$6 -> 0 | F22: =C22*$G$6 -> 0 | G22: =D22*$H$6 -> 0 | H22: =SUM(E22:G22) -> 0
A23: Linha 116 - Nova Espero | B23: ='116'!E40 -> 0 | C23: ='116'!E41 -> 0 | D23: 0 | E23: =B23*$F$6 -> 0 | F23: =C23*$G$6 -> 0 | G23: =D23*$H$6 -> 0 | H23: =SUM(E23:G23) -> 0
A24: Linha 117 - PLANALTO - UTFPR - FADEP | B24: =#REF! -> #REF! | C24: 0 | D24: 0 | E24: =B24*$F$6 -> #REF! | F24: =C24*$G$6 -> 0 | G24: =D24*$H$6 -> 0 | H24: =SUM(E24:G24) -> #REF!
A25: Linha 119 - São Francisco - São Luiz | B25: ='119'!#REF! -> #REF! | C25: ='119'!#REF! -> #REF! | D25: 0 | E25: =B25*$F$6 -> #REF! | F25: =C25*$G$6 -> #REF! | G25: =D25*$H$6 -> 0 | H25: =SUM(E25:G25) -> #REF!
A26: Linha 201 - Gralha Azul - Vibra | B26: ='201'!E35 -> 0 | C26: 0 | D26: 0 | E26: =B26*$F$6 -> 0 | F26: =C26*$G$6 -> 0 | G26: =D26*$H$6 -> 0 | H26: =SUM(E26:G26) -> 0
A27: Linha 202 - Planalto - Vibra | B27: ='202'!E32 -> 0 | C27: 0 | D27: 0 | E27: =B27*$F$6 -> 0 | F27: =C27*$G$6 -> 0 | G27: =D27*$H$6 -> 0 | H27: =SUM(E27:G27) -> 0
A28: Linha 205 - São Cristóvão - Vibra | B28: ='205'!E31 -> 0 | C28: 0 | D28: 0 | E28: =B28*$F$6 -> 0 | F28: =C28*$G$6 -> 0 | G28: =D28*$H$6 -> 0 | H28: =SUM(E28:G28) -> 0
A29: Linha 206 - Centro PQ Industrial 02 (Vibra) | B29: ='206'!#REF! -> #REF! | C29: 0 | D29: 0 | E29: =B29*$F$6 -> #REF! | F29: =C29*$G$6 -> 0 | G29: =D29*$H$6 -> 0 | H29: =SUM(E29:G29) -> #REF!
A30: Linha 301 - Gralha Azul - Atlas | B30: ='301 '!E48 -> 0 | C30: 0 | D30: 0 | E30: =B30*$F$6 -> 0 | F30: =C30*$G$6 -> 0 | G30: =D30*$H$6 -> 0 | H30: =SUM(E30:G30) -> 0
A31: Linha 302 - Planalto - Atlas | B31: ='302'!E33 -> 0 | C31: 0 | D31: 0 | E31: =B31*$F$6 -> 0 | F31: =C31*$G$6 -> 0 | G31: =D31*$H$6 -> 0 | H31: =SUM(E31:G31) -> 0
A32: Linha 302 - Planalto - Atlas (extra) | B32: ='302(Extra)'!E21 -> 0 | C32: 0 | D32: 0 | E32: =B32*$F$6 -> 0 | F32: =C32*$G$6 -> 0 | G32: =D32*$H$6 -> 0 | H32: =SUM(E32:G32) -> 0
A33: LINHA 303 - Reforço - Av. Tupi - UTFPR FADEP | B33: =#REF! -> #REF! | C33: 0 | D33: 0 | E33: =B33*$F$6 -> #REF! | F33: =C33*$G$6 -> 0 | G33: =D33*$H$6 -> 0 | H33: =SUM(E33:G33) -> #REF!
A34: Linha 304 - São Francisco - Atlas | B34: ='304'!E34 -> 0 | C34: 0 | D34: 0 | E34: =B34*$F$6 -> 0 | F34: =C34*$G$6 -> 0 | G34: =D34*$H$6 -> 0 | H34: =SUM(E34:G34) -> 0
A35: Linha 305 - São Cristóvão - Atlas | B35: ='305'!E32 -> 0 | C35: 0 | D35: 0 | E35: =B35*$F$6 -> 0 | F35: =C35*$G$6 -> 0 | G35: =D35*$H$6 -> 0 | H35: =SUM(E35:G35) -> 0
A36: Linha 306 - Centro - PQ Industrial 03 (Atlas) | B36: ='306'!E28 -> 0 | C36: 0 | D36: 0 | E36: =B36*$F$6 -> 0 | F36: =C36*$G$6 -> 0 | G36: =D36*$H$6 -> 0 | H36: =SUM(E36:G36) -> 0
A37: TOTAL | B37: =SUM(B10:B36) -> #REF! | C37: =SUM(C10:C36) -> #REF! | D37: =SUM(D10:D36) -> 0 | E37: =SUM(E10:E36) -> #REF! | F37: =SUM(F10:F36) -> #REF! | G37: =SUM(G10:G36) -> 0 | H37: =SUM(H10:H36) -> #REF!

Sheet LINHA x FROTA x HORA
A1: LINHA x MODELO DE ÔNIBUS x KM
A3: LINHAS COMERCIAIS
A4: LINHAS | B4: VEÍCULOS | D4: HORAS MÊS | H4: HORAS AO DIA
B5: TIPOLOGIA | C5: QUANTIDADE | D5: TOTAL MENSAL | E5: Dias Uteis | F5: Sabado | G5: Domingo | H5: Dias Uteis | I5: Sabado | J5: Domingo
A6: Linha 101 - Gralha Azul - Parque Industrial | B6: Basíco | C6: 2 | D6: =SUM(E6:G6) -> #REF! | E6: =HORAS!E10 -> #REF! | F6: =HORAS!F10 -> #REF! | G6: =HORAS!G10 -> 0 | H6: =HORAS!B10 -> #REF! | I6: =HORAS!C10 -> #REF! | J6: =HORAS!D10 -> 0
A7: Linha 102 - Avenida Tupi - UTFPR - FADEP | B7: Basíco | C7: 2 | D7: =SUM(E7:G7) -> 0 | E7: =HORAS!E11 -> 0 | F7: =HORAS!F11 -> 0 | G7: =HORAS!G11 -> 0 | H7: =HORAS!B11 -> 0 | I7: =HORAS!C11 -> 0 | J7: =HORAS!D11 -> 0
A8: Linha 103 - Alvorada - Centro | B8: Basíco | C8: 2 | D8: =SUM(E8:G8) -> 0 | E8: =HORAS!E12 -> 0 | F8: =HORAS!F12 -> 0 | G8: =HORAS!G12 -> 0 | H8: =HORAS!B12 -> 0 | I8: =HORAS!C12 -> 0 | J8: =HORAS!D12 -> 0
A9: Linha 105 - La Salle | B9: Mini | C9: 1 | D9: =SUM(E9:G9) -> 0 | E9: =HORAS!E13 -> 0 | F9: =HORAS!F13 -> 0 | G9: =HORAS!G13 -> 0 | H9: =HORAS!B13 -> 0 | I9: =HORAS!C13 -> 0 | J9: =HORAS!D13 -> 0
A10: Linha 107 - Veneza - Parque Industrial Teophilo Petrikoski | B10: Basíco | C10: 1 | D10: =SUM(E10:G10) -> #REF! | E10: =H10*HORAS!$F$6 -> #REF! | F10: =I10*HORAS!$G$6 -> #REF! | G10: =J10*HORAS!$H$6 -> 0 | H10: ='107'!#REF! -> #REF! | I10: ='107'!#REF! -> #REF! | J10: 0
B11: Midi | C11: 1 | D11: =SUM(E11:G11) -> #REF! | E11: =H11*HORAS!$F$6 -> #REF! | F11: =I11*HORAS!$G$6 -> #REF! | G11: =J11*HORAS!$H$6 -> 0 | H11: ='107'!#REF! -> #REF! | I11: ='107'!#REF! -> #REF! | J11: 0
A12: Linha 108 - Gralha Azul - Centro (via Bonato) | B12: Midi | C12: 1 | D12: =SUM(E12:G12) -> 0 | E12: =HORAS!E15 -> 0 | F12: =HORAS!F15 -> 0 | G12: =HORAS!G15 -> 0 | H12: =HORAS!B15 -> 0 | I12: =HORAS!C15 -> 0 | J12: =HORAS!D15 -> 0
A13: Linha 109 - Passo da Pedra | B13: Basíco | C13: 1 | D13: =SUM(E13:G13) -> 0 | E13: =HORAS!E16 -> 0 | F13: =HORAS!F16 -> 0 | G13: =HORAS!G16 -> 0 | H13: =HORAS!B16 -> 0 | I13: =HORAS!C16 -> 0 | J13: =HORAS!D16 -> 0
A14: Linha 110 - São Cristovão - Terminal Rodoviário | B14: Basíco | C14: 1 | D14: =SUM(E14:G14) -> #REF! | E14: =HORAS!E17 -> #REF! | F14: =HORAS!F17 -> #REF! | G14: =HORAS!G17 -> 0 | H14: =HORAS!B17 -> #REF! | I14: =HORAS!C17 -> #REF! | J14: =HORAS!D17 -> 0
A15: Linha 111 - Fraron | B15: Midi | C15: 1 | D15: =SUM(E15:G15) -> #REF! | E15: =HORAS!E18 -> #REF! | F15: =HORAS!F18 -> #REF! | G15: =HORAS!G18 -> 0 | H15: =HORAS!B18 -> #REF! | I15: =HORAS!C18 -> #REF! | J15: =HORAS!D18 -> 0
A16: Linha 112 - Planalto - Centro (via Rua Xingu) | B16: Basíco | C16: 1 | D16: =SUM(E16:G16) -> #REF! | E16: =HORAS!E19 -> #REF! | F16: =HORAS!F19 -> 0 | G16: =HORAS!G19 -> 0 | H16: =HORAS!B19 -> #REF! | I16: =HORAS!C19 -> 0 | J16: =HORAS!D19 -> 0
A17: Linha 113 - São João - Bela Vista - Paulo Afonso | B17: Basíco | C17: 2 | D17: =SUM(E17:G17) -> 0 | E17: =HORAS!E20 -> 0 | F17: =HORAS!F20 -> 0 | G17: =HORAS!G20 -> 0 | H17: =HORAS!B20 -> 0 | I17: =HORAS!C20 -> 0 | J17: =HORAS!D20 -> 0
A18: Linha 114 - São Roque - Vila Verde - Vila Esperança | B18: Midi | C18: 2 | D18: =SUM(E18:G18) -> #REF! | E18: =HORAS!E21 -> #REF! | F18: =HORAS!F21 -> #REF! | G18: =HORAS!G21 -> 0 | H18: =HORAS!B21 -> #REF! | I18: =HORAS!C21 -> #REF! | J18: =HORAS!D21 -> 0
A19: Linha 115 - Planalto - Centro (via Terminal Rodoviário) | B19: Basíco | C19: 1 | D19: =SUM(E19:G19) -> 0 | E19: =HORAS!E22 -> 0 | F19: =HORAS!F22 -> 0 | G19: =HORAS!G22 -> 0 | H19: =HORAS!B22 -> 0 | I19: =HORAS!C22 -> 0 | J19: =HORAS!D22 -> 0
A20: Linha 116 - Nova Espero | B20: Basíco | C20: 1 | D20: =SUM(E20:G20) -> 0 | E20: =HORAS!E23 -> 0 | F20: =HORAS!F23 -> 0 | G20: =HORAS!G23 -> 0 | H20: =HORAS!B23 -> 0 | I20: =HORAS!C23 -> 0 | J20: =HORAS!D23 -> 0
A21: Linha 117 - PLANALTO - UTFPR - FADEP | B21: Mini | C21: 1 | D21: =SUM(E21:G21) -> #REF! | E21: =HORAS!E24 -> #REF! | F21: =HORAS!F24 -> 0 | G21: =HORAS!G24 -> 0 | H21: =HORAS!B24 -> #REF! | I21: =HORAS!C24 -> 0 | J21: =HORAS!D24 -> 0
A22: Linha 119 - São Francisco - São Luiz | B22: Midi | C22: 1 | D22: =SUM(E22:G22) -> #REF! | E22: =HORAS!E25 -> #REF! | F22: =HORAS!F25 -> #REF! | G22: =HORAS!G25 -> 0 | H22: =HORAS!B25 -> #REF! | I22: =HORAS!C25 -> #REF! | J22: =HORAS!D25 -> 0
A23: LINHA 303 - Reforço - Av. Tupi - UTFPR FADEP | B23: Basíco | C23: 1 | D23: =SUM(E23:G23) -> #REF! | E23: =HORAS!E33 -> #REF! | F23: =HORAS!F33 -> 0 | G23: =HORAS!G33 -> 0 | H23: =HORAS!B33 -> #REF! | I23: =HORAS!C33 -> 0 | J23: =HORAS!D33 -> 0
B24: TOTAL | D24: =SUM(D6:D23) -> #REF! | E24: =SUM(E6:E23) -> #REF! | F24: =SUM(F6:F23) -> #REF! | G24: =SUM(G6:G23) -> 0 | H24: =SUM(H6:H23) -> #REF! | I24: =SUM(I6:I23) -> #REF! | J24: =SUM(J6:J23) -> 0
A26: LINHAS INDUSTRIAIS
A27: LINHAS | B27: VEÍCULOS | D27: HORAS MÊS | H27: HORAS AO DIA
B28: TIPOLOGIA | C28: QUANTIDADE | D28: TOTAL MENSAL | E28: Dias Uteis | F28: Sabado | G28: Domingo | H28: Dias Uteis | I28: Sabado | J28: Domingo
A29: Linha 201 - Gralha Azul - Vibra | B29: Basíco | C29: 1 | D29: =SUM(E29:G29) -> 0 | E29: =HORAS!E26 -> 0 | F29: =HORAS!F26 -> 0 | G29: =HORAS!G26 -> 0 | H29: =HORAS!B26 -> 0 | I29: =HORAS!C26 -> 0 | J29: =HORAS!D26 -> 0
A30: Linha 202 - Planalto - Vibra | B30: Basíco | C30: 1 | D30: =SUM(E30:G30) -> 0 | E30: =HORAS!E27 -> 0 | F30: =HORAS!F27 -> 0 | G30: =HORAS!G27 -> 0 | H30: =HORAS!B27 -> 0 | I30: =HORAS!C27 -> 0 | J30: =HORAS!D27 -> 0
A31: Linha 205 - São Cristóvão - Vibra | B31: Basíco | C31: 1 | D31: =SUM(E31:G31) -> 0 | E31: =HORAS!E28 -> 0 | F31: =HORAS!F28 -> 0 | G31: =HORAS!G28 -> 0 | H31: =HORAS!B28 -> 0 | I31: =HORAS!C28 -> 0 | J31: =HORAS!D28 -> 0
A32: Linha 206 - Centro PQ Industrial 02 (Vibra) | B32: Basíco | C32: 2 | D32: =SUM(E32:G32) -> #REF! | E32: =HORAS!E29 -> #REF! | F32: =HORAS!F29 -> 0 | G32: =HORAS!G29 -> 0 | H32: =HORAS!B29 -> #REF! | I32: =HORAS!C29 -> 0 | J32: =HORAS!D29 -> 0
A33: Linha 301 - Gralha Azul - Atlas | B33: Basíco | C33: 1 | D33: =SUM(E33:G33) -> 0 | E33: =HORAS!E30 -> 0 | F33: =HORAS!F30 -> 0 | G33: =HORAS!G30 -> 0 | H33: =HORAS!B30 -> 0 | I33: =HORAS!C30 -> 0 | J33: =HORAS!D30 -> 0
A34: Linha 302 - Planalto - Atlas | B34: Basíco | C34: 1 | D34: =SUM(E34:G34) -> 0 | E34: =HORAS!E31 -> 0 | F34: =HORAS!F31 -> 0 | G34: =HORAS!G31 -> 0 | H34: =HORAS!B31 -> 0 | I34: =HORAS!C31 -> 0 | J34: =HORAS!D31 -> 0
A35: Linha 302 - Planalto - Atlas (extra) | B35: Basíco | C35: 1 | D35: =SUM(E35:G35) -> 0 | E35: =HORAS!E32 -> 0 | F35: =HORAS!F32 -> 0 | G35: =HORAS!G32 -> 0 | H35: =HORAS!B32 -> 0 | I35: =HORAS!C32 -> 0 | J35: =HORAS!D32 -> 0
A36: Linha 304 - São Francisco - Atlas | B36: Basíco | C36: 1 | D36: =SUM(E36:G36) -> 0 | E36: =HORAS!E34 -> 0 | F36: =HORAS!F34 -> 0 | G36: =HORAS!G34 -> 0 | H36: =HORAS!B34 -> 0 | I36: =HORAS!C34 -> 0 | J36: =HORAS!D34 -> 0
A37: Linha 305 - São Cristóvão - Atlas | B37: Basíco | C37: 1 | D37: =SUM(E37:G37) -> 0 | E37: =HORAS!E35 -> 0 | F37: =HORAS!F35 -> 0 | G37: =HORAS!G35 -> 0 | H37: =HORAS!B35 -> 0 | I37: =HORAS!C35 -> 0 | J37: =HORAS!D35 -> 0
A38: Linha 306 - Centro - PQ Industrial 03 (Atlas) | B38: Basíco | C38: 2 | D38: =SUM(E38:G38) -> 0 | E38: =HORAS!E36 -> 0 | F38: =HORAS!F36 -> 0 | G38: =HORAS!G36 -> 0 | H38: =HORAS!B36 -> 0 | I38: =HORAS!C36 -> 0 | J38: =HORAS!D36 -> 0
B39: TOTAL | D39: =SUM(D29:D38) -> #REF! | E39: =SUM(E29:E38) -> #REF! | F39: =SUM(F29:F38) -> 0 | G39: =SUM(G29:G38) -> 0 | H39: =SUM(H29:H38) -> #REF! | I39: =SUM(I29:I38) -> 0 | J39: =SUM(J29:J38) -> 0
A42: LINHAS | B42: FROTA | F42: HORAS MÊS | I42: HORAS DIA
B43: TIPOLOGIA | C43: OPERACIONAL | D43: RESERVA | E43: TOTAL | F43: OPERACIONAL | G43: OCIOSA (3%) | H43: TOTAL | I43: OPERACIONAL DIAS ÚTEIS | J43: Sabado | K43: Domingo | L43: OCIOSA (3%) | M43: TOTAL
A44: Linhas Comerciais | B44: Basíco | F44: =SUM(D6,D7,D8,D10,D13,D14,D16,D17,D19,D20,D23) -> #REF! | G44: =F44*3% -> #REF! | H44: =SUM(F44:G44) -> #REF! | I44: =SUM(H6,H7,H8,H10,H13,H14,H16,H17,H19,H20,H23) -> #REF! | J44: =SUM(I6,I7,I8,I10,I13,I14,I16,I17,I19,I20,I23) -> #REF! | K44: =SUM(J6,J7,J8,J10,J13,J14,J16,J17,J19,J20,J23) -> 0 | L44: =I44*3% -> #REF! | M44: =SUM(I44:L44) -> #REF! | N44: =J44*3% -> #REF! | O44: =J44+N44 -> #REF!
B45: Midi | F45: =SUM(D11,D12,D15,D18,D22) -> #REF! | G45: =F45*3% -> #REF! | H45: =SUM(F45:G45) -> #REF! | I45: =SUM(H11,H12,H15,H18,H22) -> #REF! | J45: =SUM(I11,I12,I15,I18,I22) -> #REF! | K45: =SUM(J11,J12,J15,J18,J22) -> 0 | L45: =I45*3% -> #REF! | M45: =SUM(I45:L45) -> #REF! | N45: =J45*3% -> #REF! | O45: =J45+N45 -> #REF!
B46: Mini | F46: =SUM(D9,D21) -> #REF! | G46: =F46*3% -> #REF! | H46: =SUM(F46:G46) -> #REF! | I46: =SUM(H9,H21) -> #REF! | J46: =SUM(I9,I21) -> 0 | K46: =SUM(J9,J21) -> 0 | L46: =I46*3% -> #REF! | M46: =SUM(I46:L46) -> #REF! | N46: =J46*3% -> 0 | O46: =J46+N46 -> 0
B47: TOTAL | C47: =SUM(C44:C46) -> 0 | D47: =SUM(D44:D46) -> 0 | E47: =SUM(E44:E46) -> 0 | F47: =SUM(F44:F46) -> #REF! | G47: =SUM(G44:G46) -> #REF! | H47: =SUM(H44:H46) -> #REF! | I47: =SUM(I44:I46) -> #REF! | L47: =SUM(L44:L46) -> #REF! | M47: =SUM(M44:M46) -> #REF!
A48: Linhas Industriais | B48: Basíco | F48: =SUM(D29,D30,D31,D32,D33,D34,D35,D36,D37,D38) -> #REF! | G48: =F48*3% -> #REF! | H48: =SUM(F48:G48) -> #REF! | I48: =SUM(H29,H30,H31,H32,H33,H34,H35,H36,H37,H38) -> #REF! | L48: =I48*3% -> #REF! | M48: =SUM(I48:L48) -> #REF! | N48: =K44*3% -> 0 | O48: =K44+N48 -> 0
B49: Midi | F49: 0 | G49: =F49*3% -> 0 | H49: =SUM(F49:G49) -> 0 | I49: 0 | L49: =I49*3% -> 0 | M49: =SUM(I49:L49) -> 0
B50: Mini | F50: 0 | G50: =F50*3% -> 0 | H50: =SUM(F50:G50) -> 0 | I50: 0 | L50: =I50*3% -> 0 | M50: =SUM(I50:L50) -> 0
B51: TOTAL | C51: =SUM(C48:C50) -> 0 | D51: =SUM(D48:D50) -> 0 | E51: =SUM(E48:E50) -> 0 | F51: =SUM(F48:F50) -> #REF! | G51: =SUM(G48:G50) -> #REF! | H51: =SUM(H48:H50) -> #REF! | I51: =SUM(I48:I50) -> #REF! | L51: =SUM(L48:L50) -> #REF! | M51: =SUM(M48:M50) -> #REF!
B53: TOTAL SISTEMA | C53: =SUM(C51,C47) -> 0 | D53: =SUM(D51,D47) -> 0 | E53: =SUM(E51,E47) -> 0 | F53: =SUM(F51,F47) -> #REF! | G53: =SUM(G51,G47) -> #REF! | H53: =SUM(H51,H47) -> #REF! | I53: =SUM(I51,I47) -> #REF! | L53: =SUM(L51,L47) -> #REF! | M53: =SUM(M51,M47) -> #REF!

Sheet Planilha36
